job_id,time_submitted,status,walltime,competition_sd,immigration_rate,replicate,f,daisie_version,ddmodel,params_i,runtime,nb_clades,nb_cpus
24434386,NA,FAILED,NA,0.369,1e-4,2,1,IW,11,1,NA,NA,4
24434385,NA,FAILED,NA,0.369,1e-4,1,1,IW,11,1,NA,NA,4
24434387,NA,FAILED,NA,0.369,1e-4,3,1,IW,11,1,NA,NA,4
24434388,NA,FAILED,NA,0.369,1e-4,4,1,IW,11,1,NA,NA,4
24434389,NA,FAILED,NA,0.369,1e-4,5,1,IW,11,1,NA,NA,4
24434390,NA,FAILED,NA,0.369,1e-4,6,1,IW,11,1,NA,NA,4
24434392,NA,FAILED,NA,0.369,1e-4,8,1,IW,11,1,NA,NA,4
24434391,NA,FAILED,NA,0.369,1e-4,7,1,IW,11,1,NA,NA,4
24434393,NA,FAILED,NA,0.369,1e-4,9,1,IW,11,1,NA,NA,4
24434394,NA,FAILED,NA,0.369,1e-4,10,1,IW,11,1,NA,NA,4
24434396,NA,FAILED,NA,0.369,1e-4,12,1,IW,11,1,NA,NA,4
24434395,NA,FAILED,NA,0.369,1e-4,11,1,IW,11,1,NA,NA,4
24434398,NA,FAILED,NA,0.369,1e-4,14,1,IW,11,1,NA,NA,4
24434397,NA,FAILED,NA,0.369,1e-4,13,1,IW,11,1,NA,NA,4
24434400,NA,FAILED,NA,0.369,1e-4,16,1,IW,11,1,NA,NA,4
24434399,NA,FAILED,NA,0.369,1e-4,15,1,IW,11,1,NA,NA,4
24434402,NA,FAILED,NA,0.369,1e-4,18,1,IW,11,1,NA,NA,4
24434401,NA,FAILED,NA,0.369,1e-4,17,1,IW,11,1,NA,NA,4
24434404,NA,FAILED,NA,0.369,1e-4,20,1,IW,11,1,NA,NA,4
24434403,NA,FAILED,NA,0.369,1e-4,19,1,IW,11,1,NA,NA,4
24434405,NA,FAILED,NA,0.369,1e-4,21,1,IW,11,1,NA,NA,4
24434406,NA,FAILED,NA,0.369,1e-4,22,1,IW,11,1,NA,NA,4
24434408,NA,FAILED,NA,0.369,1e-4,24,1,IW,11,1,NA,NA,4
24434407,NA,FAILED,NA,0.369,1e-4,23,1,IW,11,1,NA,NA,4
24434409,NA,FAILED,NA,0.369,1e-4,25,1,IW,11,1,NA,NA,4
24434410,NA,FAILED,NA,0.369,1e-4,26,1,IW,11,1,NA,NA,4
24434411,NA,FAILED,NA,0.369,1e-4,27,1,IW,11,1,NA,NA,4
24434412,NA,FAILED,NA,0.369,1e-4,28,1,IW,11,1,NA,NA,4
24434413,NA,FAILED,NA,0.369,1e-4,29,1,IW,11,1,NA,NA,4
24434414,NA,FAILED,NA,0.369,1e-4,30,1,IW,11,1,NA,NA,4
24434415,NA,FAILED,NA,0.369,1e-4,31,1,IW,11,1,NA,NA,4
24434416,NA,FAILED,NA,0.369,1e-4,32,1,IW,11,1,NA,NA,4
24434417,NA,FAILED,NA,0.369,1e-4,33,1,IW,11,1,NA,NA,4
24434418,NA,FAILED,NA,0.369,1e-4,34,1,IW,11,1,NA,NA,4
24434419,NA,FAILED,NA,0.369,1e-4,35,1,IW,11,1,NA,NA,4
24434421,NA,FAILED,NA,0.369,1e-4,36,1,IW,11,1,NA,NA,4
24434422,NA,FAILED,NA,0.369,1e-4,37,1,IW,11,1,NA,NA,4
24434423,NA,FAILED,NA,0.369,1e-4,38,1,IW,11,1,NA,NA,4
24434424,NA,FAILED,NA,0.369,1e-4,39,1,IW,11,1,NA,NA,4
24434425,NA,FAILED,NA,0.369,1e-4,40,1,IW,11,1,NA,NA,4
24434426,NA,FAILED,NA,0.369,1e-4,41,1,IW,11,1,NA,NA,4
24434427,NA,FAILED,NA,0.369,1e-4,42,1,IW,11,1,NA,NA,4
24434428,NA,FAILED,NA,0.369,1e-4,43,1,IW,11,1,NA,NA,4
24434429,NA,FAILED,NA,0.369,1e-4,44,1,IW,11,1,NA,NA,4
24434430,NA,FAILED,NA,0.369,1e-4,45,1,IW,11,1,NA,NA,4
24434431,NA,FAILED,NA,0.369,1e-4,46,1,IW,11,1,NA,NA,4
24434432,NA,FAILED,NA,0.369,1e-4,47,1,IW,11,1,NA,NA,4
24434433,NA,FAILED,NA,0.369,1e-4,48,1,IW,11,1,NA,NA,4
24434434,NA,FAILED,NA,0.369,1e-4,49,1,IW,11,1,NA,NA,4
24434435,NA,FAILED,NA,0.369,1e-4,50,1,IW,11,1,NA,NA,4
24434436,NA,FAILED,NA,0.369,1e-4,51,1,IW,11,1,NA,NA,4
24434437,NA,FAILED,NA,0.369,1e-4,52,1,IW,11,1,NA,NA,4
24434438,NA,FAILED,NA,0.369,1e-4,53,1,IW,11,1,NA,NA,4
24434439,NA,FAILED,NA,0.369,1e-4,54,1,IW,11,1,NA,NA,4
24434440,NA,FAILED,NA,0.369,1e-4,55,1,IW,11,1,NA,NA,4
24434441,NA,FAILED,NA,0.369,1e-4,56,1,IW,11,1,NA,NA,4
24434442,NA,FAILED,NA,0.369,1e-4,57,1,IW,11,1,NA,NA,4
24434443,NA,FAILED,NA,0.369,1e-4,58,1,IW,11,1,NA,NA,4
24434445,NA,FAILED,NA,0.369,1e-4,60,1,IW,11,1,NA,NA,4
24434444,NA,FAILED,NA,0.369,1e-4,59,1,IW,11,1,NA,NA,4
24434446,NA,FAILED,NA,0.369,1e-4,61,1,IW,11,1,NA,NA,4
24434447,NA,FAILED,NA,0.369,1e-4,62,1,IW,11,1,NA,NA,4
24434448,NA,FAILED,NA,0.369,1e-4,63,1,IW,11,1,NA,NA,4
24434449,NA,FAILED,NA,0.369,1e-4,64,1,IW,11,1,NA,NA,4
24434450,NA,FAILED,NA,0.369,1e-4,65,1,IW,11,1,NA,NA,4
24434451,NA,FAILED,NA,0.369,1e-4,66,1,IW,11,1,NA,NA,4
24434452,NA,FAILED,NA,0.369,1e-4,67,1,IW,11,1,NA,NA,4
24434453,NA,FAILED,NA,0.369,1e-4,68,1,IW,11,1,NA,NA,4
24434455,NA,FAILED,NA,0.369,1e-4,70,1,IW,11,1,NA,NA,4
24434454,NA,FAILED,NA,0.369,1e-4,69,1,IW,11,1,NA,NA,4
24434456,NA,FAILED,NA,0.369,1e-4,71,1,IW,11,1,NA,NA,4
24434457,NA,FAILED,NA,0.369,1e-4,72,1,IW,11,1,NA,NA,4
24434458,NA,FAILED,NA,0.369,1e-4,73,1,IW,11,1,NA,NA,4
24434459,NA,FAILED,NA,0.369,1e-4,74,1,IW,11,1,NA,NA,4
24434460,NA,FAILED,NA,0.369,1e-4,75,1,IW,11,1,NA,NA,4
24434461,NA,FAILED,NA,0.369,1e-4,76,1,IW,11,1,NA,NA,4
24434462,NA,FAILED,NA,0.369,1e-4,77,1,IW,11,1,NA,NA,4
24434463,NA,FAILED,NA,0.369,1e-4,78,1,IW,11,1,NA,NA,4
24434464,NA,FAILED,NA,0.369,1e-4,79,1,IW,11,1,NA,NA,4
24434465,NA,FAILED,NA,0.369,1e-4,80,1,IW,11,1,NA,NA,4
24434466,NA,FAILED,NA,0.369,1e-4,81,1,IW,11,1,NA,NA,4
24434467,NA,FAILED,NA,0.369,1e-4,82,1,IW,11,1,NA,NA,4
24434468,NA,FAILED,NA,0.369,1e-4,83,1,IW,11,1,NA,NA,4
24434469,NA,FAILED,NA,0.369,1e-4,84,1,IW,11,1,NA,NA,4
24434470,NA,FAILED,NA,0.369,1e-4,85,1,IW,11,1,NA,NA,4
24434472,NA,FAILED,NA,0.369,1e-4,87,1,IW,11,1,NA,NA,4
24434473,NA,FAILED,NA,0.369,1e-4,88,1,IW,11,1,NA,NA,4
24434471,NA,FAILED,NA,0.369,1e-4,86,1,IW,11,1,NA,NA,4
24434474,NA,FAILED,NA,0.369,1e-4,89,1,IW,11,1,NA,NA,4
24434476,NA,FAILED,NA,0.369,1e-4,91,1,IW,11,1,NA,NA,4
24434475,NA,FAILED,NA,0.369,1e-4,90,1,IW,11,1,NA,NA,4
24434478,NA,FAILED,NA,0.369,1e-4,93,1,IW,11,1,NA,NA,4
24434477,NA,FAILED,NA,0.369,1e-4,92,1,IW,11,1,NA,NA,4
24434480,NA,FAILED,NA,0.369,1e-4,95,1,IW,11,1,NA,NA,4
24434479,NA,FAILED,NA,0.369,1e-4,94,1,IW,11,1,NA,NA,4
24434481,NA,FAILED,NA,0.369,1e-4,96,1,IW,11,1,NA,NA,4
24434482,NA,FAILED,NA,0.369,1e-4,97,1,IW,11,1,NA,NA,4
24434484,NA,FAILED,NA,0.369,1e-4,99,1,IW,11,1,NA,NA,4
24434483,NA,FAILED,NA,0.369,1e-4,98,1,IW,11,1,NA,NA,4
24434485,NA,FAILED,NA,0.369,1e-4,100,1,IW,11,1,NA,NA,4
24434486,NA,FAILED,NA,0.091,1e-4,1,1,IW,11,1,NA,NA,4
24434487,NA,FAILED,NA,0.091,1e-4,2,1,IW,11,1,NA,NA,4
24434488,NA,FAILED,NA,0.091,1e-4,3,1,IW,11,1,NA,NA,4
24434489,NA,FAILED,NA,0.091,1e-4,4,1,IW,11,1,NA,NA,4
24434490,NA,FAILED,NA,0.091,1e-4,5,1,IW,11,1,NA,NA,4
24434492,NA,FAILED,NA,0.091,1e-4,7,1,IW,11,1,NA,NA,4
24434491,NA,FAILED,NA,0.091,1e-4,6,1,IW,11,1,NA,NA,4
24434493,NA,FAILED,NA,0.091,1e-4,8,1,IW,11,1,NA,NA,4
24434494,NA,FAILED,NA,0.091,1e-4,9,1,IW,11,1,NA,NA,4
24434496,NA,FAILED,NA,0.091,1e-4,11,1,IW,11,1,NA,NA,4
24434495,NA,FAILED,NA,0.091,1e-4,10,1,IW,11,1,NA,NA,4
24434497,NA,FAILED,NA,0.091,1e-4,12,1,IW,11,1,NA,NA,4
24434498,NA,FAILED,NA,0.091,1e-4,13,1,IW,11,1,NA,NA,4
24434499,NA,FAILED,NA,0.091,1e-4,14,1,IW,11,1,NA,NA,4
24434500,NA,FAILED,NA,0.091,1e-4,15,1,IW,11,1,NA,NA,4
24434501,NA,FAILED,NA,0.091,1e-4,16,1,IW,11,1,NA,NA,4
24434502,NA,FAILED,NA,0.091,1e-4,17,1,IW,11,1,NA,NA,4
24434503,NA,FAILED,NA,0.091,1e-4,18,1,IW,11,1,NA,NA,4
24434504,NA,FAILED,NA,0.091,1e-4,19,1,IW,11,1,NA,NA,4
24434505,NA,FAILED,NA,0.091,1e-4,20,1,IW,11,1,NA,NA,4
24434506,NA,FAILED,NA,0.091,1e-4,21,1,IW,11,1,NA,NA,4
24434507,NA,FAILED,NA,0.091,1e-4,22,1,IW,11,1,NA,NA,4
24434508,NA,FAILED,NA,0.091,1e-4,23,1,IW,11,1,NA,NA,4
24434509,NA,FAILED,NA,0.091,1e-4,24,1,IW,11,1,NA,NA,4
24434510,NA,FAILED,NA,0.091,1e-4,25,1,IW,11,1,NA,NA,4
24434511,NA,FAILED,NA,0.091,1e-4,26,1,IW,11,1,NA,NA,4
24434512,NA,FAILED,NA,0.091,1e-4,27,1,IW,11,1,NA,NA,4
24434513,NA,FAILED,NA,0.091,1e-4,28,1,IW,11,1,NA,NA,4
24434514,NA,FAILED,NA,0.091,1e-4,29,1,IW,11,1,NA,NA,4
24434515,NA,FAILED,NA,0.091,1e-4,30,1,IW,11,1,NA,NA,4
24434517,NA,FAILED,NA,0.091,1e-4,32,1,IW,11,1,NA,NA,4
24434516,NA,FAILED,NA,0.091,1e-4,31,1,IW,11,1,NA,NA,4
24434519,NA,FAILED,NA,0.091,1e-4,34,1,IW,11,1,NA,NA,4
24434518,NA,FAILED,NA,0.091,1e-4,33,1,IW,11,1,NA,NA,4
24434520,NA,FAILED,NA,0.091,1e-4,35,1,IW,11,1,NA,NA,4
24434521,NA,FAILED,NA,0.091,1e-4,36,1,IW,11,1,NA,NA,4
24434522,NA,FAILED,NA,0.091,1e-4,37,1,IW,11,1,NA,NA,4
24434523,NA,FAILED,NA,0.091,1e-4,38,1,IW,11,1,NA,NA,4
24434524,NA,FAILED,NA,0.091,1e-4,39,1,IW,11,1,NA,NA,4
24434525,NA,FAILED,NA,0.091,1e-4,40,1,IW,11,1,NA,NA,4
24434526,NA,FAILED,NA,0.091,1e-4,41,1,IW,11,1,NA,NA,4
24434527,NA,FAILED,NA,0.091,1e-4,42,1,IW,11,1,NA,NA,4
24434528,NA,FAILED,NA,0.091,1e-4,43,1,IW,11,1,NA,NA,4
24434529,NA,FAILED,NA,0.091,1e-4,44,1,IW,11,1,NA,NA,4
24434530,NA,FAILED,NA,0.091,1e-4,45,1,IW,11,1,NA,NA,4
24434531,NA,FAILED,NA,0.091,1e-4,46,1,IW,11,1,NA,NA,4
24434532,NA,FAILED,NA,0.091,1e-4,47,1,IW,11,1,NA,NA,4
24434533,NA,FAILED,NA,0.091,1e-4,48,1,IW,11,1,NA,NA,4
24434534,NA,FAILED,NA,0.091,1e-4,49,1,IW,11,1,NA,NA,4
24434535,NA,FAILED,NA,0.091,1e-4,50,1,IW,11,1,NA,NA,4
24434536,NA,FAILED,NA,0.091,1e-4,51,1,IW,11,1,NA,NA,4
24434537,NA,FAILED,NA,0.091,1e-4,52,1,IW,11,1,NA,NA,4
24434538,NA,FAILED,NA,0.091,1e-4,53,1,IW,11,1,NA,NA,4
24434539,NA,FAILED,NA,0.091,1e-4,54,1,IW,11,1,NA,NA,4
24434540,NA,FAILED,NA,0.091,1e-4,55,1,IW,11,1,NA,NA,4
24434541,NA,FAILED,NA,0.091,1e-4,56,1,IW,11,1,NA,NA,4
24434542,NA,FAILED,NA,0.091,1e-4,57,1,IW,11,1,NA,NA,4
24434543,NA,FAILED,NA,0.091,1e-4,58,1,IW,11,1,NA,NA,4
24434544,NA,FAILED,NA,0.091,1e-4,59,1,IW,11,1,NA,NA,4
24434545,NA,FAILED,NA,0.091,1e-4,60,1,IW,11,1,NA,NA,4
24434546,NA,FAILED,NA,0.091,1e-4,61,1,IW,11,1,NA,NA,4
24434547,NA,FAILED,NA,0.091,1e-4,62,1,IW,11,1,NA,NA,4
24434548,NA,FAILED,NA,0.091,1e-4,63,1,IW,11,1,NA,NA,4
24434549,NA,FAILED,NA,0.091,1e-4,64,1,IW,11,1,NA,NA,4
24434550,NA,FAILED,NA,0.091,1e-4,65,1,IW,11,1,NA,NA,4
24434551,NA,FAILED,NA,0.091,1e-4,66,1,IW,11,1,NA,NA,4
24434552,NA,FAILED,NA,0.091,1e-4,67,1,IW,11,1,NA,NA,4
24434553,NA,FAILED,NA,0.091,1e-4,68,1,IW,11,1,NA,NA,4
24434554,NA,FAILED,NA,0.091,1e-4,69,1,IW,11,1,NA,NA,4
24434556,NA,FAILED,NA,0.091,1e-4,71,1,IW,11,1,NA,NA,4
24434555,NA,FAILED,NA,0.091,1e-4,70,1,IW,11,1,NA,NA,4
24434557,NA,FAILED,NA,0.091,1e-4,72,1,IW,11,1,NA,NA,4
24434558,NA,FAILED,NA,0.091,1e-4,73,1,IW,11,1,NA,NA,4
24434559,NA,FAILED,NA,0.091,1e-4,74,1,IW,11,1,NA,NA,4
24434560,NA,FAILED,NA,0.091,1e-4,75,1,IW,11,1,NA,NA,4
24434561,NA,FAILED,NA,0.091,1e-4,76,1,IW,11,1,NA,NA,4
24434562,NA,FAILED,NA,0.091,1e-4,77,1,IW,11,1,NA,NA,4
24434563,NA,FAILED,NA,0.091,1e-4,78,1,IW,11,1,NA,NA,4
24434564,NA,FAILED,NA,0.091,1e-4,79,1,IW,11,1,NA,NA,4
24434565,NA,FAILED,NA,0.091,1e-4,80,1,IW,11,1,NA,NA,4
24434566,NA,FAILED,NA,0.091,1e-4,81,1,IW,11,1,NA,NA,4
24434567,NA,FAILED,NA,0.091,1e-4,82,1,IW,11,1,NA,NA,4
24434568,NA,FAILED,NA,0.091,1e-4,83,1,IW,11,1,NA,NA,4
24434569,NA,FAILED,NA,0.091,1e-4,84,1,IW,11,1,NA,NA,4
24434570,NA,FAILED,NA,0.091,1e-4,85,1,IW,11,1,NA,NA,4
24434571,NA,FAILED,NA,0.091,1e-4,86,1,IW,11,1,NA,NA,4
24434572,NA,FAILED,NA,0.091,1e-4,87,1,IW,11,1,NA,NA,4
24434573,NA,FAILED,NA,0.091,1e-4,88,1,IW,11,1,NA,NA,4
24434574,NA,FAILED,NA,0.091,1e-4,89,1,IW,11,1,NA,NA,4
24434575,NA,FAILED,NA,0.091,1e-4,90,1,IW,11,1,NA,NA,4
24434576,NA,FAILED,NA,0.091,1e-4,91,1,IW,11,1,NA,NA,4
24434577,NA,FAILED,NA,0.091,1e-4,92,1,IW,11,1,NA,NA,4
24434578,NA,FAILED,NA,0.091,1e-4,93,1,IW,11,1,NA,NA,4
24434579,NA,FAILED,NA,0.091,1e-4,94,1,IW,11,1,NA,NA,4
24434580,NA,FAILED,NA,0.091,1e-4,95,1,IW,11,1,NA,NA,4
24434581,NA,FAILED,NA,0.091,1e-4,96,1,IW,11,1,NA,NA,4
24434582,NA,FAILED,NA,0.091,1e-4,97,1,IW,11,1,NA,NA,4
24434583,NA,FAILED,NA,0.091,1e-4,98,1,IW,11,1,NA,NA,4
24434584,NA,FAILED,NA,0.091,1e-4,99,1,IW,11,1,NA,NA,4
24434585,NA,FAILED,NA,0.091,1e-4,100,1,IW,11,1,NA,NA,4
24458232,NA,COMPLETED,NA,0.369,1e-4,1,1,IW,11,1,01:48:17,NA,4
24458233,NA,COMPLETED,NA,0.369,1e-4,2,1,IW,11,1,00:32:55,NA,4
24458234,NA,COMPLETED,NA,0.369,1e-4,3,1,IW,11,1,00:37:54,NA,4
24458235,NA,COMPLETED,NA,0.369,1e-4,4,1,IW,11,1,01:00:02,NA,4
24458236,NA,COMPLETED,NA,0.369,1e-4,5,1,IW,11,1,00:40:04,NA,4
24458237,NA,COMPLETED,NA,0.369,1e-4,6,1,IW,11,1,00:53:02,NA,4
24458238,NA,COMPLETED,NA,0.369,1e-4,7,1,IW,11,1,00:37:43,NA,4
24458239,NA,COMPLETED,NA,0.369,1e-4,8,1,IW,11,1,01:28:32,NA,4
24458240,NA,COMPLETED,NA,0.369,1e-4,9,1,IW,11,1,00:17:44,NA,4
24458241,NA,COMPLETED,NA,0.369,1e-4,10,1,IW,11,1,00:19:29,NA,4
24458242,NA,COMPLETED,NA,0.369,1e-4,11,1,IW,11,1,00:32:20,NA,4
24458243,NA,COMPLETED,NA,0.369,1e-4,12,1,IW,11,1,01:48:41,NA,4
24458244,NA,COMPLETED,NA,0.369,1e-4,13,1,IW,11,1,00:14:06,NA,4
24458245,NA,COMPLETED,NA,0.369,1e-4,14,1,IW,11,1,00:57:48,NA,4
24458246,NA,COMPLETED,NA,0.369,1e-4,15,1,IW,11,1,00:16:53,NA,4
24458247,NA,COMPLETED,NA,0.369,1e-4,16,1,IW,11,1,00:36:31,NA,4
24458248,NA,COMPLETED,NA,0.369,1e-4,17,1,IW,11,1,01:32:04,NA,4
24458249,NA,COMPLETED,NA,0.369,1e-4,18,1,IW,11,1,00:38:08,NA,4
24458250,NA,COMPLETED,NA,0.369,1e-4,19,1,IW,11,1,00:34:20,NA,4
24458251,NA,COMPLETED,NA,0.369,1e-4,20,1,IW,11,1,00:38:32,NA,4
24458252,NA,COMPLETED,NA,0.369,1e-4,21,1,IW,11,1,00:24:15,NA,4
24458253,NA,COMPLETED,NA,0.369,1e-4,22,1,IW,11,1,00:18:11,NA,4
24458254,NA,COMPLETED,NA,0.369,1e-4,23,1,IW,11,1,00:56:38,NA,4
24458255,NA,COMPLETED,NA,0.369,1e-4,24,1,IW,11,1,00:15:13,NA,4
24458256,NA,COMPLETED,NA,0.369,1e-4,25,1,IW,11,1,00:34:46,NA,4
24458257,NA,COMPLETED,NA,0.369,1e-4,26,1,IW,11,1,00:13:44,NA,4
24458258,NA,COMPLETED,NA,0.369,1e-4,27,1,IW,11,1,01:10:57,NA,4
24458259,NA,COMPLETED,NA,0.369,1e-4,28,1,IW,11,1,00:49:07,NA,4
24458260,NA,COMPLETED,NA,0.369,1e-4,29,1,IW,11,1,01:31:14,NA,4
24458261,NA,COMPLETED,NA,0.369,1e-4,30,1,IW,11,1,00:27:44,NA,4
24458262,NA,COMPLETED,NA,0.369,1e-4,31,1,IW,11,1,00:15:26,NA,4
24458263,NA,COMPLETED,NA,0.369,1e-4,32,1,IW,11,1,00:22:15,NA,4
24458264,NA,COMPLETED,NA,0.369,1e-4,33,1,IW,11,1,02:31:58,NA,4
24458265,NA,COMPLETED,NA,0.369,1e-4,34,1,IW,11,1,01:32:12,NA,4
24458266,NA,COMPLETED,NA,0.369,1e-4,35,1,IW,11,1,00:41:57,NA,4
24458267,NA,COMPLETED,NA,0.369,1e-4,36,1,IW,11,1,00:15:40,NA,4
24458268,NA,COMPLETED,NA,0.369,1e-4,37,1,IW,11,1,01:02:41,NA,4
24458269,NA,COMPLETED,NA,0.369,1e-4,38,1,IW,11,1,00:33:27,NA,4
24458270,NA,COMPLETED,NA,0.369,1e-4,39,1,IW,11,1,00:13:27,NA,4
24458271,NA,COMPLETED,NA,0.369,1e-4,40,1,IW,11,1,01:14:10,NA,4
24458272,NA,RUNNING,NA,0.369,1e-4,41,1,IW,11,1,5-00:59:04,NA,4
24458273,NA,COMPLETED,NA,0.369,1e-4,42,1,IW,11,1,00:56:07,NA,4
24458274,NA,COMPLETED,NA,0.369,1e-4,43,1,IW,11,1,00:16:36,NA,4
24458275,NA,COMPLETED,NA,0.369,1e-4,44,1,IW,11,1,00:00:13,NA,4
24458276,NA,COMPLETED,NA,0.369,1e-4,45,1,IW,11,1,01:39:24,NA,4
24458277,NA,COMPLETED,NA,0.369,1e-4,46,1,IW,11,1,00:36:53,NA,4
24458278,NA,COMPLETED,NA,0.369,1e-4,47,1,IW,11,1,01:49:25,NA,4
24458279,NA,COMPLETED,NA,0.369,1e-4,48,1,IW,11,1,00:55:24,NA,4
24458280,NA,COMPLETED,NA,0.369,1e-4,49,1,IW,11,1,00:56:45,NA,4
24458281,NA,COMPLETED,NA,0.369,1e-4,50,1,IW,11,1,01:16:40,NA,4
24458282,NA,COMPLETED,NA,0.369,1e-4,51,1,IW,11,1,04:45:27,NA,4
24458283,NA,COMPLETED,NA,0.369,1e-4,52,1,IW,11,1,01:54:57,NA,4
24458284,NA,COMPLETED,NA,0.369,1e-4,53,1,IW,11,1,00:29:41,NA,4
24458285,NA,COMPLETED,NA,0.369,1e-4,54,1,IW,11,1,01:12:51,NA,4
24458287,NA,COMPLETED,NA,0.369,1e-4,56,1,IW,11,1,00:47:25,NA,4
24458286,NA,COMPLETED,NA,0.369,1e-4,55,1,IW,11,1,00:30:08,NA,4
24458288,NA,COMPLETED,NA,0.369,1e-4,57,1,IW,11,1,00:19:23,NA,4
24458289,NA,COMPLETED,NA,0.369,1e-4,58,1,IW,11,1,00:36:32,NA,4
24458290,NA,COMPLETED,NA,0.369,1e-4,59,1,IW,11,1,00:23:09,NA,4
24458291,NA,COMPLETED,NA,0.369,1e-4,60,1,IW,11,1,00:40:41,NA,4
24458292,NA,COMPLETED,NA,0.369,1e-4,61,1,IW,11,1,00:22:12,NA,4
24458293,NA,COMPLETED,NA,0.369,1e-4,62,1,IW,11,1,00:22:26,NA,4
24458294,NA,COMPLETED,NA,0.369,1e-4,63,1,IW,11,1,00:39:19,NA,4
24458295,NA,COMPLETED,NA,0.369,1e-4,64,1,IW,11,1,00:30:45,NA,4
24458296,NA,COMPLETED,NA,0.369,1e-4,65,1,IW,11,1,04:29:00,NA,4
24458297,NA,COMPLETED,NA,0.369,1e-4,66,1,IW,11,1,00:33:04,NA,4
24458298,NA,COMPLETED,NA,0.369,1e-4,67,1,IW,11,1,00:42:08,NA,4
24458299,NA,COMPLETED,NA,0.369,1e-4,68,1,IW,11,1,01:11:58,NA,4
24458300,NA,COMPLETED,NA,0.369,1e-4,69,1,IW,11,1,01:11:56,NA,4
24458301,NA,COMPLETED,NA,0.369,1e-4,70,1,IW,11,1,01:39:03,NA,4
24458302,NA,COMPLETED,NA,0.369,1e-4,71,1,IW,11,1,00:35:08,NA,4
24458303,NA,COMPLETED,NA,0.369,1e-4,72,1,IW,11,1,00:58:04,NA,4
24458304,NA,COMPLETED,NA,0.369,1e-4,73,1,IW,11,1,00:18:58,NA,4
24458305,NA,COMPLETED,NA,0.369,1e-4,74,1,IW,11,1,01:10:58,NA,4
24458306,NA,COMPLETED,NA,0.369,1e-4,75,1,IW,11,1,00:44:05,NA,4
24458307,NA,COMPLETED,NA,0.369,1e-4,76,1,IW,11,1,02:40:31,NA,4
24458308,NA,COMPLETED,NA,0.369,1e-4,77,1,IW,11,1,00:25:47,NA,4
24458309,NA,COMPLETED,NA,0.369,1e-4,78,1,IW,11,1,00:22:36,NA,4
24458310,NA,COMPLETED,NA,0.369,1e-4,79,1,IW,11,1,00:52:52,NA,4
24458311,NA,COMPLETED,NA,0.369,1e-4,80,1,IW,11,1,00:38:02,NA,4
24458312,NA,COMPLETED,NA,0.369,1e-4,81,1,IW,11,1,00:36:19,NA,4
24458313,NA,COMPLETED,NA,0.369,1e-4,82,1,IW,11,1,00:30:26,NA,4
24458314,NA,COMPLETED,NA,0.369,1e-4,83,1,IW,11,1,00:57:52,NA,4
24458315,NA,COMPLETED,NA,0.369,1e-4,84,1,IW,11,1,01:06:24,NA,4
24458316,NA,COMPLETED,NA,0.369,1e-4,85,1,IW,11,1,02:11:46,NA,4
24458317,NA,COMPLETED,NA,0.369,1e-4,86,1,IW,11,1,00:28:16,NA,4
24458318,NA,RUNNING,NA,0.369,1e-4,87,1,IW,11,1,4-23:45:20,NA,4
24458319,NA,COMPLETED,NA,0.369,1e-4,88,1,IW,11,1,01:19:06,NA,4
24458320,NA,COMPLETED,NA,0.369,1e-4,89,1,IW,11,1,00:31:48,NA,4
24458321,NA,COMPLETED,NA,0.369,1e-4,90,1,IW,11,1,00:12:28,NA,4
24458324,NA,COMPLETED,NA,0.369,1e-4,93,1,IW,11,1,00:43:47,NA,4
24458322,NA,COMPLETED,NA,0.369,1e-4,91,1,IW,11,1,01:35:42,NA,4
24458326,NA,COMPLETED,NA,0.369,1e-4,95,1,IW,11,1,00:57:01,NA,4
24458327,NA,COMPLETED,NA,0.369,1e-4,96,1,IW,11,1,01:08:19,NA,4
24458323,NA,COMPLETED,NA,0.369,1e-4,92,1,IW,11,1,00:47:13,NA,4
24458325,NA,COMPLETED,NA,0.369,1e-4,94,1,IW,11,1,00:24:03,NA,4
24458328,NA,COMPLETED,NA,0.369,1e-4,97,1,IW,11,1,00:00:11,NA,4
24458330,NA,COMPLETED,NA,0.369,1e-4,99,1,IW,11,1,00:40:24,NA,4
24458329,NA,COMPLETED,NA,0.369,1e-4,98,1,IW,11,1,00:50:59,NA,4
24458332,NA,COMPLETED,NA,0.091,1e-4,1,1,IW,11,1,03:19:52,NA,4
24458333,NA,COMPLETED,NA,0.091,1e-4,2,1,IW,11,1,02:52:02,NA,4
24458331,NA,COMPLETED,NA,0.369,1e-4,100,1,IW,11,1,00:33:06,NA,4
24458334,NA,COMPLETED,NA,0.091,1e-4,3,1,IW,11,1,04:41:55,NA,4
24458335,NA,COMPLETED,NA,0.091,1e-4,4,1,IW,11,1,02:22:54,NA,4
24458336,NA,COMPLETED,NA,0.091,1e-4,5,1,IW,11,1,03:36:05,NA,4
24458337,NA,FAILED,NA,0.091,1e-4,6,1,IW,11,1,08:49:27,NA,4
24458338,NA,COMPLETED,NA,0.091,1e-4,7,1,IW,11,1,07:15:56,NA,4
24458339,NA,COMPLETED,NA,0.091,1e-4,8,1,IW,11,1,05:14:33,NA,4
24458340,NA,COMPLETED,NA,0.091,1e-4,9,1,IW,11,1,05:53:14,NA,4
24458341,NA,COMPLETED,NA,0.091,1e-4,10,1,IW,11,1,02:52:47,NA,4
24458342,NA,COMPLETED,NA,0.091,1e-4,11,1,IW,11,1,01:50:44,NA,4
24458343,NA,COMPLETED,NA,0.091,1e-4,12,1,IW,11,1,03:54:16,NA,4
24458344,NA,COMPLETED,NA,0.091,1e-4,13,1,IW,11,1,04:22:29,NA,4
24458345,NA,COMPLETED,NA,0.091,1e-4,14,1,IW,11,1,03:03:40,NA,4
24458346,NA,COMPLETED,NA,0.091,1e-4,15,1,IW,11,1,02:34:42,NA,4
24458347,NA,COMPLETED,NA,0.091,1e-4,16,1,IW,11,1,02:41:17,NA,4
24458348,NA,COMPLETED,NA,0.091,1e-4,17,1,IW,11,1,02:56:18,NA,4
24458349,NA,COMPLETED,NA,0.091,1e-4,18,1,IW,11,1,02:58:26,NA,4
24458350,NA,COMPLETED,NA,0.091,1e-4,19,1,IW,11,1,02:46:57,NA,4
24458351,NA,COMPLETED,NA,0.091,1e-4,20,1,IW,11,1,02:17:16,NA,4
24458352,NA,COMPLETED,NA,0.091,1e-4,21,1,IW,11,1,01:59:47,NA,4
24458353,NA,COMPLETED,NA,0.091,1e-4,22,1,IW,11,1,03:23:12,NA,4
24458354,NA,COMPLETED,NA,0.091,1e-4,23,1,IW,11,1,03:14:47,NA,4
24458355,NA,COMPLETED,NA,0.091,1e-4,24,1,IW,11,1,03:14:05,NA,4
24458356,NA,COMPLETED,NA,0.091,1e-4,25,1,IW,11,1,02:55:47,NA,4
24458357,NA,COMPLETED,NA,0.091,1e-4,26,1,IW,11,1,02:11:21,NA,4
24458359,NA,COMPLETED,NA,0.091,1e-4,28,1,IW,11,1,02:24:01,NA,4
24458358,NA,COMPLETED,NA,0.091,1e-4,27,1,IW,11,1,03:36:45,NA,4
24458360,NA,COMPLETED,NA,0.091,1e-4,29,1,IW,11,1,03:36:44,NA,4
24458361,NA,COMPLETED,NA,0.091,1e-4,30,1,IW,11,1,02:48:55,NA,4
24458362,NA,COMPLETED,NA,0.091,1e-4,31,1,IW,11,1,03:11:04,NA,4
24458364,NA,COMPLETED,NA,0.091,1e-4,33,1,IW,11,1,03:00:23,NA,4
24458363,NA,COMPLETED,NA,0.091,1e-4,32,1,IW,11,1,02:05:24,NA,4
24458365,NA,COMPLETED,NA,0.091,1e-4,34,1,IW,11,1,03:06:08,NA,4
24458366,NA,COMPLETED,NA,0.091,1e-4,35,1,IW,11,1,02:34:19,NA,4
24458367,NA,COMPLETED,NA,0.091,1e-4,36,1,IW,11,1,03:10:48,NA,4
24458368,NA,COMPLETED,NA,0.091,1e-4,37,1,IW,11,1,03:08:59,NA,4
24458369,NA,COMPLETED,NA,0.091,1e-4,38,1,IW,11,1,03:01:22,NA,4
24458370,NA,COMPLETED,NA,0.091,1e-4,39,1,IW,11,1,03:01:28,NA,4
24458372,NA,COMPLETED,NA,0.091,1e-4,41,1,IW,11,1,03:27:25,NA,4
24458373,NA,COMPLETED,NA,0.091,1e-4,42,1,IW,11,1,02:27:42,NA,4
24458371,NA,COMPLETED,NA,0.091,1e-4,40,1,IW,11,1,05:07:30,NA,4
24458374,NA,COMPLETED,NA,0.091,1e-4,43,1,IW,11,1,02:09:11,NA,4
24458375,NA,COMPLETED,NA,0.091,1e-4,44,1,IW,11,1,02:14:31,NA,4
24458376,NA,COMPLETED,NA,0.091,1e-4,45,1,IW,11,1,01:45:24,NA,4
24458377,NA,COMPLETED,NA,0.091,1e-4,46,1,IW,11,1,01:55:13,NA,4
24458378,NA,COMPLETED,NA,0.091,1e-4,47,1,IW,11,1,02:56:31,NA,4
24458379,NA,COMPLETED,NA,0.091,1e-4,48,1,IW,11,1,03:06:00,NA,4
24458380,NA,COMPLETED,NA,0.091,1e-4,49,1,IW,11,1,03:10:50,NA,4
24458381,NA,COMPLETED,NA,0.091,1e-4,50,1,IW,11,1,02:08:01,NA,4
24458382,NA,COMPLETED,NA,0.091,1e-4,51,1,IW,11,1,03:11:25,NA,4
24458383,NA,COMPLETED,NA,0.091,1e-4,52,1,IW,11,1,03:22:05,NA,4
24458384,NA,COMPLETED,NA,0.091,1e-4,53,1,IW,11,1,06:01:09,NA,4
24458385,NA,COMPLETED,NA,0.091,1e-4,54,1,IW,11,1,03:26:26,NA,4
24458386,NA,COMPLETED,NA,0.091,1e-4,55,1,IW,11,1,03:10:28,NA,4
24458387,NA,COMPLETED,NA,0.091,1e-4,56,1,IW,11,1,02:37:03,NA,4
24458388,NA,COMPLETED,NA,0.091,1e-4,57,1,IW,11,1,03:20:32,NA,4
24458389,NA,COMPLETED,NA,0.091,1e-4,58,1,IW,11,1,03:13:10,NA,4
24458390,NA,COMPLETED,NA,0.091,1e-4,59,1,IW,11,1,03:39:20,NA,4
24458391,NA,COMPLETED,NA,0.091,1e-4,60,1,IW,11,1,02:18:04,NA,4
24458392,NA,COMPLETED,NA,0.091,1e-4,61,1,IW,11,1,03:36:21,NA,4
24458393,NA,COMPLETED,NA,0.091,1e-4,62,1,IW,11,1,06:25:32,NA,4
24458395,NA,COMPLETED,NA,0.091,1e-4,64,1,IW,11,1,02:45:40,NA,4
24458394,NA,COMPLETED,NA,0.091,1e-4,63,1,IW,11,1,00:00:11,NA,4
24458396,NA,COMPLETED,NA,0.091,1e-4,65,1,IW,11,1,03:55:49,NA,4
24458397,NA,COMPLETED,NA,0.091,1e-4,66,1,IW,11,1,02:16:16,NA,4
24458398,NA,COMPLETED,NA,0.091,1e-4,67,1,IW,11,1,04:33:19,NA,4
24458399,NA,COMPLETED,NA,0.091,1e-4,68,1,IW,11,1,02:27:59,NA,4
24458400,NA,COMPLETED,NA,0.091,1e-4,69,1,IW,11,1,02:01:11,NA,4
24458401,NA,COMPLETED,NA,0.091,1e-4,70,1,IW,11,1,03:48:21,NA,4
24458402,NA,COMPLETED,NA,0.091,1e-4,71,1,IW,11,1,03:39:19,NA,4
24458403,NA,COMPLETED,NA,0.091,1e-4,72,1,IW,11,1,02:26:38,NA,4
24458404,NA,COMPLETED,NA,0.091,1e-4,73,1,IW,11,1,02:41:13,NA,4
24458405,NA,COMPLETED,NA,0.091,1e-4,74,1,IW,11,1,02:09:52,NA,4
24458406,NA,COMPLETED,NA,0.091,1e-4,75,1,IW,11,1,02:34:28,NA,4
24458407,NA,COMPLETED,NA,0.091,1e-4,76,1,IW,11,1,02:59:28,NA,4
24458408,NA,COMPLETED,NA,0.091,1e-4,77,1,IW,11,1,06:09:31,NA,4
24458409,NA,COMPLETED,NA,0.091,1e-4,78,1,IW,11,1,03:16:16,NA,4
24458410,NA,RUNNING,NA,0.091,1e-4,79,1,IW,11,1,4-18:33:44,NA,4
24458411,NA,COMPLETED,NA,0.091,1e-4,80,1,IW,11,1,02:07:14,NA,4
24458412,NA,COMPLETED,NA,0.091,1e-4,81,1,IW,11,1,02:44:59,NA,4
24458413,NA,COMPLETED,NA,0.091,1e-4,82,1,IW,11,1,02:56:26,NA,4
24458416,NA,COMPLETED,NA,0.091,1e-4,85,1,IW,11,1,02:07:07,NA,4
24458414,NA,COMPLETED,NA,0.091,1e-4,83,1,IW,11,1,02:47:14,NA,4
24458415,NA,COMPLETED,NA,0.091,1e-4,84,1,IW,11,1,03:39:18,NA,4
24458417,NA,COMPLETED,NA,0.091,1e-4,86,1,IW,11,1,02:16:21,NA,4
24458418,NA,COMPLETED,NA,0.091,1e-4,87,1,IW,11,1,02:45:46,NA,4
24458419,NA,COMPLETED,NA,0.091,1e-4,88,1,IW,11,1,02:31:56,NA,4
24458420,NA,COMPLETED,NA,0.091,1e-4,89,1,IW,11,1,04:21:03,NA,4
24458421,NA,COMPLETED,NA,0.091,1e-4,90,1,IW,11,1,01:52:53,NA,4
24458422,NA,COMPLETED,NA,0.091,1e-4,91,1,IW,11,1,03:10:00,NA,4
24458423,NA,COMPLETED,NA,0.091,1e-4,92,1,IW,11,1,03:04:09,NA,4
24458424,NA,COMPLETED,NA,0.091,1e-4,93,1,IW,11,1,03:11:41,NA,4
24458425,NA,COMPLETED,NA,0.091,1e-4,94,1,IW,11,1,01:56:40,NA,4
24458426,NA,COMPLETED,NA,0.091,1e-4,95,1,IW,11,1,03:17:32,NA,4
24458427,NA,COMPLETED,NA,0.091,1e-4,96,1,IW,11,1,03:02:24,NA,4
24458428,NA,COMPLETED,NA,0.091,1e-4,97,1,IW,11,1,02:51:29,NA,4
24458429,NA,COMPLETED,NA,0.091,1e-4,98,1,IW,11,1,04:31:13,NA,4
24458430,NA,COMPLETED,NA,0.091,1e-4,99,1,IW,11,1,02:42:15,NA,4
24458431,NA,RUNNING,NA,0.091,1e-4,100,1,IW,11,1,4-16:40:35,NA,4
24562086,NA,COMPLETED,NA,0.369,1e-4,1,1,CS,11,1,00:13:24,NA,1
24562124,NA,COMPLETED,NA,0.091,1e-4,1,1,CS,11,1,01:01:40,NA,1
24562135,NA,COMPLETED,NA,0.369,1e-4,2,1,CS,11,1,00:12:49,NA,1
24562138,NA,COMPLETED,NA,0.369,1e-4,5,1,CS,11,1,00:11:24,NA,1
24562140,NA,COMPLETED,NA,0.369,1e-4,7,1,CS,11,1,00:11:38,NA,1
24562139,NA,COMPLETED,NA,0.369,1e-4,6,1,CS,11,1,00:10:49,NA,1
24562136,NA,COMPLETED,NA,0.369,1e-4,3,1,CS,11,1,00:15:58,NA,1
24562137,NA,COMPLETED,NA,0.369,1e-4,4,1,CS,11,1,00:12:36,NA,1
24562142,NA,COMPLETED,NA,0.369,1e-4,9,1,CS,11,1,00:09:36,NA,1
24562144,NA,COMPLETED,NA,0.369,1e-4,11,1,CS,11,1,00:14:45,NA,1
24562145,NA,COMPLETED,NA,0.369,1e-4,12,1,CS,11,1,00:16:28,NA,1
24562143,NA,COMPLETED,NA,0.369,1e-4,10,1,CS,11,1,00:13:09,NA,1
24562141,NA,COMPLETED,NA,0.369,1e-4,8,1,CS,11,1,00:17:39,NA,1
24562146,NA,COMPLETED,NA,0.369,1e-4,13,1,CS,11,1,00:11:51,NA,1
24562148,NA,COMPLETED,NA,0.369,1e-4,15,1,CS,11,1,00:09:43,NA,1
24562151,NA,COMPLETED,NA,0.369,1e-4,18,1,CS,11,1,00:15:11,NA,1
24562149,NA,COMPLETED,NA,0.369,1e-4,16,1,CS,11,1,00:15:29,NA,1
24562147,NA,COMPLETED,NA,0.369,1e-4,14,1,CS,11,1,00:10:20,NA,1
24562150,NA,COMPLETED,NA,0.369,1e-4,17,1,CS,11,1,00:17:51,NA,1
24562152,NA,COMPLETED,NA,0.369,1e-4,19,1,CS,11,1,00:15:03,NA,1
24562153,NA,COMPLETED,NA,0.369,1e-4,20,1,CS,11,1,00:19:06,NA,1
24562154,NA,COMPLETED,NA,0.369,1e-4,21,1,CS,11,1,00:10:24,NA,1
24562158,NA,COMPLETED,NA,0.369,1e-4,25,1,CS,11,1,00:12:12,NA,1
24562157,NA,COMPLETED,NA,0.369,1e-4,24,1,CS,11,1,00:09:09,NA,1
24562159,NA,COMPLETED,NA,0.369,1e-4,26,1,CS,11,1,00:08:50,NA,1
24562156,NA,COMPLETED,NA,0.369,1e-4,23,1,CS,11,1,00:16:08,NA,1
24562155,NA,COMPLETED,NA,0.369,1e-4,22,1,CS,11,1,00:14:22,NA,1
24562160,NA,COMPLETED,NA,0.369,1e-4,27,1,CS,11,1,00:13:13,NA,1
24562161,NA,COMPLETED,NA,0.369,1e-4,28,1,CS,11,1,00:14:16,NA,1
24562162,NA,COMPLETED,NA,0.369,1e-4,29,1,CS,11,1,00:10:55,NA,1
24562163,NA,COMPLETED,NA,0.369,1e-4,30,1,CS,11,1,00:14:16,NA,1
24562164,NA,COMPLETED,NA,0.369,1e-4,31,1,CS,11,1,00:11:20,NA,1
24562165,NA,COMPLETED,NA,0.369,1e-4,32,1,CS,11,1,00:12:20,NA,1
24562166,NA,COMPLETED,NA,0.369,1e-4,33,1,CS,11,1,00:13:29,NA,1
24562167,NA,COMPLETED,NA,0.369,1e-4,34,1,CS,11,1,00:11:26,NA,1
24562168,NA,COMPLETED,NA,0.369,1e-4,35,1,CS,11,1,00:13:33,NA,1
24562169,NA,COMPLETED,NA,0.369,1e-4,36,1,CS,11,1,00:14:14,NA,1
24562170,NA,COMPLETED,NA,0.369,1e-4,37,1,CS,11,1,00:15:46,NA,1
24562171,NA,COMPLETED,NA,0.369,1e-4,38,1,CS,11,1,00:22:32,NA,1
24562172,NA,COMPLETED,NA,0.369,1e-4,39,1,CS,11,1,00:14:07,NA,1
24562174,NA,COMPLETED,NA,0.369,1e-4,41,1,CS,11,1,00:11:03,NA,1
24562175,NA,COMPLETED,NA,0.369,1e-4,42,1,CS,11,1,00:14:25,NA,1
24562173,NA,COMPLETED,NA,0.369,1e-4,40,1,CS,11,1,00:12:40,NA,1
24562176,NA,COMPLETED,NA,0.369,1e-4,43,1,CS,11,1,00:08:02,NA,1
24562177,NA,COMPLETED,NA,0.369,1e-4,44,1,CS,11,1,00:00:07,NA,1
24562178,NA,COMPLETED,NA,0.369,1e-4,45,1,CS,11,1,00:16:59,NA,1
24562179,NA,COMPLETED,NA,0.369,1e-4,46,1,CS,11,1,00:15:39,NA,1
24562183,NA,COMPLETED,NA,0.369,1e-4,50,1,CS,11,1,00:14:04,NA,1
24562181,NA,COMPLETED,NA,0.369,1e-4,48,1,CS,11,1,00:13:45,NA,1
24562182,NA,COMPLETED,NA,0.369,1e-4,49,1,CS,11,1,00:12:37,NA,1
24562180,NA,COMPLETED,NA,0.369,1e-4,47,1,CS,11,1,00:11:58,NA,1
24562188,NA,COMPLETED,NA,0.369,1e-4,55,1,CS,11,1,00:11:11,NA,1
24562184,NA,COMPLETED,NA,0.369,1e-4,51,1,CS,11,1,00:16:06,NA,1
24562185,NA,COMPLETED,NA,0.369,1e-4,52,1,CS,11,1,00:13:55,NA,1
24562186,NA,COMPLETED,NA,0.369,1e-4,53,1,CS,11,1,00:14:53,NA,1
24562187,NA,COMPLETED,NA,0.369,1e-4,54,1,CS,11,1,00:18:12,NA,1
24562189,NA,COMPLETED,NA,0.369,1e-4,56,1,CS,11,1,00:12:06,NA,1
24562191,NA,COMPLETED,NA,0.369,1e-4,58,1,CS,11,1,00:08:59,NA,1
24562192,NA,COMPLETED,NA,0.369,1e-4,59,1,CS,11,1,00:11:05,NA,1
24562190,NA,COMPLETED,NA,0.369,1e-4,57,1,CS,11,1,00:12:22,NA,1
24562195,NA,COMPLETED,NA,0.369,1e-4,62,1,CS,11,1,00:06:33,NA,1
24562193,NA,COMPLETED,NA,0.369,1e-4,60,1,CS,11,1,00:12:39,NA,1
24562194,NA,COMPLETED,NA,0.369,1e-4,61,1,CS,11,1,00:14:37,NA,1
24562196,NA,COMPLETED,NA,0.369,1e-4,63,1,CS,11,1,00:15:35,NA,1
24562197,NA,COMPLETED,NA,0.369,1e-4,64,1,CS,11,1,00:19:34,NA,1
24562198,NA,COMPLETED,NA,0.369,1e-4,65,1,CS,11,1,00:12:52,NA,1
24562199,NA,COMPLETED,NA,0.369,1e-4,66,1,CS,11,1,00:12:19,NA,1
24562200,NA,COMPLETED,NA,0.369,1e-4,67,1,CS,11,1,00:12:57,NA,1
24562201,NA,COMPLETED,NA,0.369,1e-4,68,1,CS,11,1,00:18:21,NA,1
24562202,NA,COMPLETED,NA,0.369,1e-4,69,1,CS,11,1,00:12:24,NA,1
24562203,NA,COMPLETED,NA,0.369,1e-4,70,1,CS,11,1,00:13:00,NA,1
24562204,NA,COMPLETED,NA,0.369,1e-4,71,1,CS,11,1,00:12:00,NA,1
24562205,NA,COMPLETED,NA,0.369,1e-4,72,1,CS,11,1,00:11:14,NA,1
24562206,NA,COMPLETED,NA,0.369,1e-4,73,1,CS,11,1,00:10:56,NA,1
24562207,NA,COMPLETED,NA,0.369,1e-4,74,1,CS,11,1,00:13:33,NA,1
24562208,NA,COMPLETED,NA,0.369,1e-4,75,1,CS,11,1,00:13:36,NA,1
24562209,NA,COMPLETED,NA,0.369,1e-4,76,1,CS,11,1,00:14:21,NA,1
24562210,NA,COMPLETED,NA,0.369,1e-4,77,1,CS,11,1,00:12:33,NA,1
24562211,NA,COMPLETED,NA,0.369,1e-4,78,1,CS,11,1,00:06:01,NA,1
24562213,NA,COMPLETED,NA,0.369,1e-4,80,1,CS,11,1,00:15:41,NA,1
24562212,NA,COMPLETED,NA,0.369,1e-4,79,1,CS,11,1,00:14:19,NA,1
24562214,NA,COMPLETED,NA,0.369,1e-4,81,1,CS,11,1,00:15:38,NA,1
24562215,NA,COMPLETED,NA,0.369,1e-4,82,1,CS,11,1,00:17:29,NA,1
24562216,NA,COMPLETED,NA,0.369,1e-4,83,1,CS,11,1,00:12:34,NA,1
24562217,NA,COMPLETED,NA,0.369,1e-4,84,1,CS,11,1,00:15:25,NA,1
24562218,NA,COMPLETED,NA,0.369,1e-4,85,1,CS,11,1,00:14:06,NA,1
24562219,NA,COMPLETED,NA,0.369,1e-4,86,1,CS,11,1,00:17:39,NA,1
24562220,NA,COMPLETED,NA,0.369,1e-4,87,1,CS,11,1,00:12:59,NA,1
24562221,NA,COMPLETED,NA,0.369,1e-4,88,1,CS,11,1,00:14:05,NA,1
24562222,NA,COMPLETED,NA,0.369,1e-4,89,1,CS,11,1,00:14:07,NA,1
24562223,NA,COMPLETED,NA,0.369,1e-4,90,1,CS,11,1,00:17:22,NA,1
24562224,NA,COMPLETED,NA,0.369,1e-4,91,1,CS,11,1,00:12:04,NA,1
24562225,NA,COMPLETED,NA,0.369,1e-4,92,1,CS,11,1,00:14:08,NA,1
24562226,NA,COMPLETED,NA,0.369,1e-4,93,1,CS,11,1,00:11:31,NA,1
24562227,NA,COMPLETED,NA,0.369,1e-4,94,1,CS,11,1,00:09:45,NA,1
24562228,NA,COMPLETED,NA,0.369,1e-4,95,1,CS,11,1,00:20:36,NA,1
24562229,NA,COMPLETED,NA,0.369,1e-4,96,1,CS,11,1,00:09:13,NA,1
24562233,NA,COMPLETED,NA,0.369,1e-4,100,1,CS,11,1,00:13:56,NA,1
24562231,NA,COMPLETED,NA,0.369,1e-4,98,1,CS,11,1,00:16:11,NA,1
24562232,NA,COMPLETED,NA,0.369,1e-4,99,1,CS,11,1,00:13:44,NA,1
24562230,NA,COMPLETED,NA,0.369,1e-4,97,1,CS,11,1,00:00:08,NA,1
24562333,NA,COMPLETED,NA,0.091,1e-4,2,1,CS,11,1,01:08:05,NA,1
24562334,NA,COMPLETED,NA,0.091,1e-4,3,1,CS,11,1,00:52:42,NA,1
24562335,NA,COMPLETED,NA,0.091,1e-4,4,1,CS,11,1,00:46:30,NA,1
24562336,NA,COMPLETED,NA,0.091,1e-4,5,1,CS,11,1,01:16:24,NA,1
24562337,NA,COMPLETED,NA,0.091,1e-4,6,1,CS,11,1,01:49:30,NA,1
24562338,NA,COMPLETED,NA,0.091,1e-4,7,1,CS,11,1,00:48:55,NA,1
24562339,NA,COMPLETED,NA,0.091,1e-4,8,1,CS,11,1,00:53:38,NA,1
24562340,NA,COMPLETED,NA,0.091,1e-4,9,1,CS,11,1,01:50:50,NA,1
24562341,NA,COMPLETED,NA,0.091,1e-4,10,1,CS,11,1,01:17:23,NA,1
24562342,NA,COMPLETED,NA,0.091,1e-4,11,1,CS,11,1,00:45:30,NA,1
24562343,NA,COMPLETED,NA,0.091,1e-4,12,1,CS,11,1,01:10:29,NA,1
24562345,NA,COMPLETED,NA,0.091,1e-4,14,1,CS,11,1,02:07:05,NA,1
24562344,NA,COMPLETED,NA,0.091,1e-4,13,1,CS,11,1,00:44:44,NA,1
24562348,NA,COMPLETED,NA,0.091,1e-4,17,1,CS,11,1,00:50:57,NA,1
24562346,NA,COMPLETED,NA,0.091,1e-4,15,1,CS,11,1,01:03:27,NA,1
24562347,NA,COMPLETED,NA,0.091,1e-4,16,1,CS,11,1,00:59:52,NA,1
24562350,NA,COMPLETED,NA,0.091,1e-4,19,1,CS,11,1,00:45:11,NA,1
24562351,NA,COMPLETED,NA,0.091,1e-4,20,1,CS,11,1,00:31:25,NA,1
24562349,NA,COMPLETED,NA,0.091,1e-4,18,1,CS,11,1,01:19:01,NA,1
24562353,NA,COMPLETED,NA,0.091,1e-4,22,1,CS,11,1,00:46:46,NA,1
24562352,NA,COMPLETED,NA,0.091,1e-4,21,1,CS,11,1,00:53:16,NA,1
24562354,NA,COMPLETED,NA,0.091,1e-4,23,1,CS,11,1,00:52:32,NA,1
24562355,NA,COMPLETED,NA,0.091,1e-4,24,1,CS,11,1,00:26:58,NA,1
24562356,NA,COMPLETED,NA,0.091,1e-4,25,1,CS,11,1,00:54:45,NA,1
24562357,NA,COMPLETED,NA,0.091,1e-4,26,1,CS,11,1,00:52:59,NA,1
24562360,NA,COMPLETED,NA,0.091,1e-4,29,1,CS,11,1,00:53:29,NA,1
24562358,NA,COMPLETED,NA,0.091,1e-4,27,1,CS,11,1,00:54:41,NA,1
24562361,NA,COMPLETED,NA,0.091,1e-4,30,1,CS,11,1,00:43:32,NA,1
24562359,NA,COMPLETED,NA,0.091,1e-4,28,1,CS,11,1,00:37:05,NA,1
24562367,NA,COMPLETED,NA,0.091,1e-4,36,1,CS,11,1,00:54:59,NA,1
24562366,NA,COMPLETED,NA,0.091,1e-4,35,1,CS,11,1,00:47:06,NA,1
24562363,NA,COMPLETED,NA,0.091,1e-4,32,1,CS,11,1,00:50:56,NA,1
24562362,NA,COMPLETED,NA,0.091,1e-4,31,1,CS,11,1,00:45:24,NA,1
24562365,NA,COMPLETED,NA,0.091,1e-4,34,1,CS,11,1,01:15:04,NA,1
24562364,NA,COMPLETED,NA,0.091,1e-4,33,1,CS,11,1,00:50:05,NA,1
24562368,NA,COMPLETED,NA,0.091,1e-4,37,1,CS,11,1,00:59:38,NA,1
24562373,NA,COMPLETED,NA,0.091,1e-4,42,1,CS,11,1,00:44:24,NA,1
24562371,NA,COMPLETED,NA,0.091,1e-4,40,1,CS,11,1,00:35:40,NA,1
24562369,NA,COMPLETED,NA,0.091,1e-4,38,1,CS,11,1,01:05:33,NA,1
24562372,NA,COMPLETED,NA,0.091,1e-4,41,1,CS,11,1,00:46:28,NA,1
24562370,NA,COMPLETED,NA,0.091,1e-4,39,1,CS,11,1,00:59:21,NA,1
24562374,NA,COMPLETED,NA,0.091,1e-4,43,1,CS,11,1,00:51:59,NA,1
24562377,NA,COMPLETED,NA,0.091,1e-4,46,1,CS,11,1,01:28:33,NA,1
24562375,NA,COMPLETED,NA,0.091,1e-4,44,1,CS,11,1,00:51:34,NA,1
24562376,NA,COMPLETED,NA,0.091,1e-4,45,1,CS,11,1,00:44:40,NA,1
24562378,NA,COMPLETED,NA,0.091,1e-4,47,1,CS,11,1,00:55:22,NA,1
24562385,NA,COMPLETED,NA,0.091,1e-4,54,1,CS,11,1,00:53:10,NA,1
24562379,NA,COMPLETED,NA,0.091,1e-4,48,1,CS,11,1,00:47:10,NA,1
24562380,NA,COMPLETED,NA,0.091,1e-4,49,1,CS,11,1,00:50:23,NA,1
24562388,NA,COMPLETED,NA,0.091,1e-4,57,1,CS,11,1,00:45:12,NA,1
24562389,NA,COMPLETED,NA,0.091,1e-4,58,1,CS,11,1,00:59:25,NA,1
24562387,NA,COMPLETED,NA,0.091,1e-4,56,1,CS,11,1,01:19:11,NA,1
24562386,NA,COMPLETED,NA,0.091,1e-4,55,1,CS,11,1,00:53:41,NA,1
24562382,NA,COMPLETED,NA,0.091,1e-4,51,1,CS,11,1,00:57:17,NA,1
24562383,NA,COMPLETED,NA,0.091,1e-4,52,1,CS,11,1,00:47:49,NA,1
24562381,NA,COMPLETED,NA,0.091,1e-4,50,1,CS,11,1,00:29:46,NA,1
24562384,NA,COMPLETED,NA,0.091,1e-4,53,1,CS,11,1,00:39:13,NA,1
24562390,NA,COMPLETED,NA,0.091,1e-4,59,1,CS,11,1,00:39:52,NA,1
24562391,NA,COMPLETED,NA,0.091,1e-4,60,1,CS,11,1,00:36:52,NA,1
24562392,NA,COMPLETED,NA,0.091,1e-4,61,1,CS,11,1,01:04:18,NA,1
24562393,NA,COMPLETED,NA,0.091,1e-4,62,1,CS,11,1,00:40:08,NA,1
24562394,NA,COMPLETED,NA,0.091,1e-4,63,1,CS,11,1,00:00:07,NA,1
24562395,NA,COMPLETED,NA,0.091,1e-4,64,1,CS,11,1,01:00:14,NA,1
24562396,NA,COMPLETED,NA,0.091,1e-4,65,1,CS,11,1,00:50:08,NA,1
24562397,NA,COMPLETED,NA,0.091,1e-4,66,1,CS,11,1,00:35:41,NA,1
24562398,NA,COMPLETED,NA,0.091,1e-4,67,1,CS,11,1,00:56:42,NA,1
24562399,NA,COMPLETED,NA,0.091,1e-4,68,1,CS,11,1,00:45:38,NA,1
24562405,NA,COMPLETED,NA,0.091,1e-4,74,1,CS,11,1,00:58:42,NA,1
24562407,NA,COMPLETED,NA,0.091,1e-4,76,1,CS,11,1,01:27:28,NA,1
24562406,NA,COMPLETED,NA,0.091,1e-4,75,1,CS,11,1,01:25:45,NA,1
24562403,NA,COMPLETED,NA,0.091,1e-4,72,1,CS,11,1,00:47:17,NA,1
24562404,NA,COMPLETED,NA,0.091,1e-4,73,1,CS,11,1,00:46:39,NA,1
24562400,NA,COMPLETED,NA,0.091,1e-4,69,1,CS,11,1,00:49:20,NA,1
24562401,NA,COMPLETED,NA,0.091,1e-4,70,1,CS,11,1,01:05:56,NA,1
24562402,NA,COMPLETED,NA,0.091,1e-4,71,1,CS,11,1,01:05:41,NA,1
24562408,NA,COMPLETED,NA,0.091,1e-4,77,1,CS,11,1,01:04:26,NA,1
24562409,NA,COMPLETED,NA,0.091,1e-4,78,1,CS,11,1,00:57:23,NA,1
24562410,NA,COMPLETED,NA,0.091,1e-4,79,1,CS,11,1,00:33:32,NA,1
24562414,NA,COMPLETED,NA,0.091,1e-4,83,1,CS,11,1,00:42:31,NA,1
24562413,NA,COMPLETED,NA,0.091,1e-4,82,1,CS,11,1,00:51:50,NA,1
24562411,NA,COMPLETED,NA,0.091,1e-4,80,1,CS,11,1,01:04:19,NA,1
24562412,NA,COMPLETED,NA,0.091,1e-4,81,1,CS,11,1,00:56:04,NA,1
24562420,NA,COMPLETED,NA,0.091,1e-4,89,1,CS,11,1,00:49:13,NA,1
24562419,NA,COMPLETED,NA,0.091,1e-4,88,1,CS,11,1,00:47:43,NA,1
24562415,NA,COMPLETED,NA,0.091,1e-4,84,1,CS,11,1,00:46:52,NA,1
24562416,NA,COMPLETED,NA,0.091,1e-4,85,1,CS,11,1,01:02:16,NA,1
24562418,NA,COMPLETED,NA,0.091,1e-4,87,1,CS,11,1,00:18:23,NA,1
24562417,NA,COMPLETED,NA,0.091,1e-4,86,1,CS,11,1,00:57:26,NA,1
24562421,NA,COMPLETED,NA,0.091,1e-4,90,1,CS,11,1,00:48:31,NA,1
24562422,NA,COMPLETED,NA,0.091,1e-4,91,1,CS,11,1,01:35:32,NA,1
24562425,NA,COMPLETED,NA,0.091,1e-4,94,1,CS,11,1,00:41:25,NA,1
24562423,NA,COMPLETED,NA,0.091,1e-4,92,1,CS,11,1,00:59:31,NA,1
24562424,NA,COMPLETED,NA,0.091,1e-4,93,1,CS,11,1,01:18:08,NA,1
24562426,NA,COMPLETED,NA,0.091,1e-4,95,1,CS,11,1,00:21:38,NA,1
24562427,NA,COMPLETED,NA,0.091,1e-4,96,1,CS,11,1,01:14:26,NA,1
24562428,NA,COMPLETED,NA,0.091,1e-4,97,1,CS,11,1,00:58:20,NA,1
24562430,NA,COMPLETED,NA,0.091,1e-4,99,1,CS,11,1,00:41:14,NA,1
24562429,NA,COMPLETED,NA,0.091,1e-4,98,1,CS,11,1,01:10:03,NA,1
24562431,NA,COMPLETED,NA,0.091,1e-4,100,1,CS,11,1,00:35:13,NA,1
24675460,NA,NA,NA,0.369,1e-4,1,0.5,IW,11,1,NA,NA,4
24676196,NA,NA,NA,0.369,1e-4,1,0.5,CS,11,1,NA,NA,1
24676202,NA,NA,NA,0.369,1e-4,7,0.5,CS,11,1,NA,NA,1
24676199,NA,NA,NA,0.369,1e-4,4,0.5,CS,11,1,NA,NA,1
24676201,NA,NA,NA,0.369,1e-4,6,0.5,CS,11,1,NA,NA,1
24676197,NA,NA,NA,0.369,1e-4,2,0.5,CS,11,1,NA,NA,1
24676200,NA,NA,NA,0.369,1e-4,5,0.5,CS,11,1,NA,NA,1
24676198,NA,NA,NA,0.369,1e-4,3,0.5,CS,11,1,NA,NA,1
24676232,NA,NA,NA,0.369,1e-4,37,0.5,CS,11,1,NA,NA,1
24676229,NA,NA,NA,0.369,1e-4,34,0.5,CS,11,1,NA,NA,1
24676231,NA,NA,NA,0.369,1e-4,36,0.5,CS,11,1,NA,NA,1
24676230,NA,NA,NA,0.369,1e-4,35,0.5,CS,11,1,NA,NA,1
24676213,NA,NA,NA,0.369,1e-4,18,0.5,CS,11,1,NA,NA,1
24676214,NA,NA,NA,0.369,1e-4,19,0.5,CS,11,1,NA,NA,1
24676205,NA,NA,NA,0.369,1e-4,10,0.5,CS,11,1,NA,NA,1
24676206,NA,NA,NA,0.369,1e-4,11,0.5,CS,11,1,NA,NA,1
24676203,NA,NA,NA,0.369,1e-4,8,0.5,CS,11,1,NA,NA,1
24676204,NA,NA,NA,0.369,1e-4,9,0.5,CS,11,1,NA,NA,1
24676211,NA,NA,NA,0.369,1e-4,16,0.5,CS,11,1,NA,NA,1
24676208,NA,NA,NA,0.369,1e-4,13,0.5,CS,11,1,NA,NA,1
24676212,NA,NA,NA,0.369,1e-4,17,0.5,CS,11,1,NA,NA,1
24676210,NA,NA,NA,0.369,1e-4,15,0.5,CS,11,1,NA,NA,1
24676207,NA,NA,NA,0.369,1e-4,12,0.5,CS,11,1,NA,NA,1
24676209,NA,NA,NA,0.369,1e-4,14,0.5,CS,11,1,NA,NA,1
24676228,NA,NA,NA,0.369,1e-4,33,0.5,CS,11,1,NA,NA,1
24676215,NA,NA,NA,0.369,1e-4,20,0.5,CS,11,1,NA,NA,1
24676216,NA,NA,NA,0.369,1e-4,21,0.5,CS,11,1,NA,NA,1
24676219,NA,NA,NA,0.369,1e-4,24,0.5,CS,11,1,NA,NA,1
24676217,NA,NA,NA,0.369,1e-4,22,0.5,CS,11,1,NA,NA,1
24676218,NA,NA,NA,0.369,1e-4,23,0.5,CS,11,1,NA,NA,1
24676224,NA,NA,NA,0.369,1e-4,29,0.5,CS,11,1,NA,NA,1
24676226,NA,NA,NA,0.369,1e-4,31,0.5,CS,11,1,NA,NA,1
24676222,NA,NA,NA,0.369,1e-4,27,0.5,CS,11,1,NA,NA,1
24676220,NA,NA,NA,0.369,1e-4,25,0.5,CS,11,1,NA,NA,1
24676221,NA,NA,NA,0.369,1e-4,26,0.5,CS,11,1,NA,NA,1
24676227,NA,NA,NA,0.369,1e-4,32,0.5,CS,11,1,NA,NA,1
24676223,NA,NA,NA,0.369,1e-4,28,0.5,CS,11,1,NA,NA,1
24676225,NA,NA,NA,0.369,1e-4,30,0.5,CS,11,1,NA,NA,1
24676233,NA,NA,NA,0.369,1e-4,38,0.5,CS,11,1,NA,NA,1
24676234,NA,NA,NA,0.369,1e-4,39,0.5,CS,11,1,NA,NA,1
24676236,NA,NA,NA,0.369,1e-4,41,0.5,CS,11,1,NA,NA,1
24676235,NA,NA,NA,0.369,1e-4,40,0.5,CS,11,1,NA,NA,1
24676237,NA,NA,NA,0.369,1e-4,42,0.5,CS,11,1,NA,NA,1
24676246,NA,NA,NA,0.369,1e-4,51,0.5,CS,11,1,NA,NA,1
24676249,NA,NA,NA,0.369,1e-4,54,0.5,CS,11,1,NA,NA,1
24676250,NA,NA,NA,0.369,1e-4,55,0.5,CS,11,1,NA,NA,1
24676251,NA,NA,NA,0.369,1e-4,56,0.5,CS,11,1,NA,NA,1
24676248,NA,NA,NA,0.369,1e-4,53,0.5,CS,11,1,NA,NA,1
24676239,NA,NA,NA,0.369,1e-4,44,0.5,CS,11,1,NA,NA,1
24676238,NA,NA,NA,0.369,1e-4,43,0.5,CS,11,1,NA,NA,1
24676240,NA,NA,NA,0.369,1e-4,45,0.5,CS,11,1,NA,NA,1
24676242,NA,NA,NA,0.369,1e-4,47,0.5,CS,11,1,NA,NA,1
24676243,NA,NA,NA,0.369,1e-4,48,0.5,CS,11,1,NA,NA,1
24676247,NA,NA,NA,0.369,1e-4,52,0.5,CS,11,1,NA,NA,1
24676245,NA,NA,NA,0.369,1e-4,50,0.5,CS,11,1,NA,NA,1
24676241,NA,NA,NA,0.369,1e-4,46,0.5,CS,11,1,NA,NA,1
24676244,NA,NA,NA,0.369,1e-4,49,0.5,CS,11,1,NA,NA,1
24676282,NA,NA,NA,0.369,1e-4,87,0.5,CS,11,1,NA,NA,1
24676278,NA,NA,NA,0.369,1e-4,83,0.5,CS,11,1,NA,NA,1
24676280,NA,NA,NA,0.369,1e-4,85,0.5,CS,11,1,NA,NA,1
24676262,NA,NA,NA,0.369,1e-4,67,0.5,CS,11,1,NA,NA,1
24676277,NA,NA,NA,0.369,1e-4,82,0.5,CS,11,1,NA,NA,1
24676279,NA,NA,NA,0.369,1e-4,84,0.5,CS,11,1,NA,NA,1
24676281,NA,NA,NA,0.369,1e-4,86,0.5,CS,11,1,NA,NA,1
24676273,NA,NA,NA,0.369,1e-4,78,0.5,CS,11,1,NA,NA,1
24676271,NA,NA,NA,0.369,1e-4,76,0.5,CS,11,1,NA,NA,1
24676276,NA,NA,NA,0.369,1e-4,81,0.5,CS,11,1,NA,NA,1
24676264,NA,NA,NA,0.369,1e-4,69,0.5,CS,11,1,NA,NA,1
24676260,NA,NA,NA,0.369,1e-4,65,0.5,CS,11,1,NA,NA,1
24676275,NA,NA,NA,0.369,1e-4,80,0.5,CS,11,1,NA,NA,1
24676266,NA,NA,NA,0.369,1e-4,71,0.5,CS,11,1,NA,NA,1
24676258,NA,NA,NA,0.369,1e-4,63,0.5,CS,11,1,NA,NA,1
24676263,NA,NA,NA,0.369,1e-4,68,0.5,CS,11,1,NA,NA,1
24676265,NA,NA,NA,0.369,1e-4,70,0.5,CS,11,1,NA,NA,1
24676259,NA,NA,NA,0.369,1e-4,64,0.5,CS,11,1,NA,NA,1
24676253,NA,NA,NA,0.369,1e-4,58,0.5,CS,11,1,NA,NA,1
24676261,NA,NA,NA,0.369,1e-4,66,0.5,CS,11,1,NA,NA,1
24676269,NA,NA,NA,0.369,1e-4,74,0.5,CS,11,1,NA,NA,1
24676274,NA,NA,NA,0.369,1e-4,79,0.5,CS,11,1,NA,NA,1
24676267,NA,NA,NA,0.369,1e-4,72,0.5,CS,11,1,NA,NA,1
24676255,NA,NA,NA,0.369,1e-4,60,0.5,CS,11,1,NA,NA,1
24676254,NA,NA,NA,0.369,1e-4,59,0.5,CS,11,1,NA,NA,1
24676256,NA,NA,NA,0.369,1e-4,61,0.5,CS,11,1,NA,NA,1
24676252,NA,NA,NA,0.369,1e-4,57,0.5,CS,11,1,NA,NA,1
24676257,NA,NA,NA,0.369,1e-4,62,0.5,CS,11,1,NA,NA,1
24676270,NA,NA,NA,0.369,1e-4,75,0.5,CS,11,1,NA,NA,1
24676268,NA,NA,NA,0.369,1e-4,73,0.5,CS,11,1,NA,NA,1
24676272,NA,NA,NA,0.369,1e-4,77,0.5,CS,11,1,NA,NA,1
24676289,NA,NA,NA,0.369,1e-4,94,0.5,CS,11,1,NA,NA,1
24676309,NA,NA,NA,0.369,0.001,14,0.5,CS,11,1,NA,NA,1
24676285,NA,NA,NA,0.369,1e-4,90,0.5,CS,11,1,NA,NA,1
24676313,NA,NA,NA,0.369,0.001,18,0.5,CS,11,1,NA,NA,1
24676307,NA,NA,NA,0.369,0.001,12,0.5,CS,11,1,NA,NA,1
24676293,NA,NA,NA,0.369,1e-4,98,0.5,CS,11,1,NA,NA,1
24676297,NA,NA,NA,0.369,0.001,2,0.5,CS,11,1,NA,NA,1
24676284,NA,NA,NA,0.369,1e-4,89,0.5,CS,11,1,NA,NA,1
24676310,NA,NA,NA,0.369,0.001,15,0.5,CS,11,1,NA,NA,1
24676312,NA,NA,NA,0.369,0.001,17,0.5,CS,11,1,NA,NA,1
24676308,NA,NA,NA,0.369,0.001,13,0.5,CS,11,1,NA,NA,1
24676290,NA,NA,NA,0.369,1e-4,95,0.5,CS,11,1,NA,NA,1
24676283,NA,NA,NA,0.369,1e-4,88,0.5,CS,11,1,NA,NA,1
24676286,NA,NA,NA,0.369,1e-4,91,0.5,CS,11,1,NA,NA,1
24676291,NA,NA,NA,0.369,1e-4,96,0.5,CS,11,1,NA,NA,1
24676311,NA,NA,NA,0.369,0.001,16,0.5,CS,11,1,NA,NA,1
24676299,NA,NA,NA,0.369,0.001,4,0.5,CS,11,1,NA,NA,1
24676288,NA,NA,NA,0.369,1e-4,93,0.5,CS,11,1,NA,NA,1
24676306,NA,NA,NA,0.369,0.001,11,0.5,CS,11,1,NA,NA,1
24676301,NA,NA,NA,0.369,0.001,6,0.5,CS,11,1,NA,NA,1
24676305,NA,NA,NA,0.369,0.001,10,0.5,CS,11,1,NA,NA,1
24676304,NA,NA,NA,0.369,0.001,9,0.5,CS,11,1,NA,NA,1
24676294,NA,NA,NA,0.369,1e-4,99,0.5,CS,11,1,NA,NA,1
24676296,NA,NA,NA,0.369,0.001,1,0.5,CS,11,1,NA,NA,1
24676292,NA,NA,NA,0.369,1e-4,97,0.5,CS,11,1,NA,NA,1
24676302,NA,NA,NA,0.369,0.001,7,0.5,CS,11,1,NA,NA,1
24676303,NA,NA,NA,0.369,0.001,8,0.5,CS,11,1,NA,NA,1
24676300,NA,NA,NA,0.369,0.001,5,0.5,CS,11,1,NA,NA,1
24676287,NA,NA,NA,0.369,1e-4,92,0.5,CS,11,1,NA,NA,1
24676295,NA,NA,NA,0.369,1e-4,100,0.5,CS,11,1,NA,NA,1
24676298,NA,NA,NA,0.369,0.001,3,0.5,CS,11,1,NA,NA,1
24676522,NA,NA,NA,0.091,1e-4,54,0.5,CS,11,1,NA,NA,1
24676521,NA,NA,NA,0.091,1e-4,53,0.5,CS,11,1,NA,NA,1
24676527,NA,NA,NA,0.091,1e-4,57,0.5,CS,11,1,NA,NA,1
24676507,NA,NA,NA,0.091,1e-4,45,0.5,CS,11,1,NA,NA,1
24676548,NA,NA,NA,0.091,1e-4,69,0.5,CS,11,1,NA,NA,1
24676551,NA,NA,NA,0.091,1e-4,71,0.5,CS,11,1,NA,NA,1
24676545,NA,NA,NA,0.091,1e-4,67,0.5,CS,11,1,NA,NA,1
24676524,NA,NA,NA,0.091,1e-4,55,0.5,CS,11,1,NA,NA,1
24676518,NA,NA,NA,0.091,1e-4,51,0.5,CS,11,1,NA,NA,1
24676526,NA,NA,NA,0.091,1e-4,56,0.5,CS,11,1,NA,NA,1
24676547,NA,NA,NA,0.091,1e-4,68,0.5,CS,11,1,NA,NA,1
24676550,NA,NA,NA,0.091,1e-4,70,0.5,CS,11,1,NA,NA,1
24676554,NA,NA,NA,0.091,1e-4,73,0.5,CS,11,1,NA,NA,1
24676553,NA,NA,NA,0.091,1e-4,72,0.5,CS,11,1,NA,NA,1
24676542,NA,NA,NA,0.091,1e-4,65,0.5,CS,11,1,NA,NA,1
24676538,NA,NA,NA,0.091,1e-4,63,0.5,CS,11,1,NA,NA,1
24676535,NA,NA,NA,0.091,1e-4,61,0.5,CS,11,1,NA,NA,1
24676519,NA,NA,NA,0.091,1e-4,52,0.5,CS,11,1,NA,NA,1
24676514,NA,NA,NA,0.091,1e-4,49,0.5,CS,11,1,NA,NA,1
24676531,NA,NA,NA,0.091,1e-4,59,0.5,CS,11,1,NA,NA,1
24676529,NA,NA,NA,0.091,1e-4,58,0.5,CS,11,1,NA,NA,1
24676506,NA,NA,NA,0.091,1e-4,44,0.5,CS,11,1,NA,NA,1
24676513,NA,NA,NA,0.091,1e-4,48,0.5,CS,11,1,NA,NA,1
24676511,NA,NA,NA,0.091,1e-4,47,0.5,CS,11,1,NA,NA,1
24676504,NA,NA,NA,0.091,1e-4,43,0.5,CS,11,1,NA,NA,1
24676509,NA,NA,NA,0.091,1e-4,46,0.5,CS,11,1,NA,NA,1
24676516,NA,NA,NA,0.091,1e-4,50,0.5,CS,11,1,NA,NA,1
24676533,NA,NA,NA,0.091,1e-4,60,0.5,CS,11,1,NA,NA,1
24676537,NA,NA,NA,0.091,1e-4,62,0.5,CS,11,1,NA,NA,1
24676543,NA,NA,NA,0.091,1e-4,66,0.5,CS,11,1,NA,NA,1
24676540,NA,NA,NA,0.091,1e-4,64,0.5,CS,11,1,NA,NA,1
24676413,NA,NA,NA,0.369,0.001,94,0.5,CS,11,1,NA,NA,1
24676404,NA,NA,NA,0.369,0.001,89,0.5,CS,11,1,NA,NA,1
24676411,NA,NA,NA,0.369,0.001,93,0.5,CS,11,1,NA,NA,1
24676423,NA,NA,NA,0.369,0.001,100,0.5,CS,11,1,NA,NA,1
24676429,NA,NA,NA,0.091,1e-4,4,0.5,CS,11,1,NA,NA,1
24676424,NA,NA,NA,0.091,1e-4,1,0.5,CS,11,1,NA,NA,1
24676428,NA,NA,NA,0.091,1e-4,3,0.5,CS,11,1,NA,NA,1
24676402,NA,NA,NA,0.369,0.001,88,0.5,CS,11,1,NA,NA,1
24676399,NA,NA,NA,0.369,0.001,86,0.5,CS,11,1,NA,NA,1
24676436,NA,NA,NA,0.091,1e-4,8,0.5,CS,11,1,NA,NA,1
24676396,NA,NA,NA,0.369,0.001,84,0.5,CS,11,1,NA,NA,1
24676440,NA,NA,NA,0.091,1e-4,10,0.5,CS,11,1,NA,NA,1
24676433,NA,NA,NA,0.091,1e-4,6,0.5,CS,11,1,NA,NA,1
24676442,NA,NA,NA,0.091,1e-4,11,0.5,CS,11,1,NA,NA,1
24676416,NA,NA,NA,0.369,0.001,96,0.5,CS,11,1,NA,NA,1
24676409,NA,NA,NA,0.369,0.001,92,0.5,CS,11,1,NA,NA,1
24676434,NA,NA,NA,0.091,1e-4,7,0.5,CS,11,1,NA,NA,1
24676431,NA,NA,NA,0.091,1e-4,5,0.5,CS,11,1,NA,NA,1
24676438,NA,NA,NA,0.091,1e-4,9,0.5,CS,11,1,NA,NA,1
24676406,NA,NA,NA,0.369,0.001,90,0.5,CS,11,1,NA,NA,1
24676394,NA,NA,NA,0.369,0.001,83,0.5,CS,11,1,NA,NA,1
24676419,NA,NA,NA,0.369,0.001,98,0.5,CS,11,1,NA,NA,1
24676397,NA,NA,NA,0.369,0.001,85,0.5,CS,11,1,NA,NA,1
24676407,NA,NA,NA,0.369,0.001,91,0.5,CS,11,1,NA,NA,1
24676414,NA,NA,NA,0.369,0.001,95,0.5,CS,11,1,NA,NA,1
24676426,NA,NA,NA,0.091,1e-4,2,0.5,CS,11,1,NA,NA,1
24676400,NA,NA,NA,0.369,0.001,87,0.5,CS,11,1,NA,NA,1
24676390,NA,NA,NA,0.369,0.001,81,0.5,CS,11,1,NA,NA,1
24676417,NA,NA,NA,0.369,0.001,97,0.5,CS,11,1,NA,NA,1
24676421,NA,NA,NA,0.369,0.001,99,0.5,CS,11,1,NA,NA,1
24676392,NA,NA,NA,0.369,0.001,82,0.5,CS,11,1,NA,NA,1
24676343,NA,NA,NA,0.369,0.001,48,0.5,CS,11,1,NA,NA,1
24676327,NA,NA,NA,0.369,0.001,32,0.5,CS,11,1,NA,NA,1
24676329,NA,NA,NA,0.369,0.001,34,0.5,CS,11,1,NA,NA,1
24676337,NA,NA,NA,0.369,0.001,42,0.5,CS,11,1,NA,NA,1
24676335,NA,NA,NA,0.369,0.001,40,0.5,CS,11,1,NA,NA,1
24676323,NA,NA,NA,0.369,0.001,28,0.5,CS,11,1,NA,NA,1
24676320,NA,NA,NA,0.369,0.001,25,0.5,CS,11,1,NA,NA,1
24676314,NA,NA,NA,0.369,0.001,19,0.5,CS,11,1,NA,NA,1
24676341,NA,NA,NA,0.369,0.001,46,0.5,CS,11,1,NA,NA,1
24676321,NA,NA,NA,0.369,0.001,26,0.5,CS,11,1,NA,NA,1
24676318,NA,NA,NA,0.369,0.001,23,0.5,CS,11,1,NA,NA,1
24676339,NA,NA,NA,0.369,0.001,44,0.5,CS,11,1,NA,NA,1
24676316,NA,NA,NA,0.369,0.001,21,0.5,CS,11,1,NA,NA,1
24676315,NA,NA,NA,0.369,0.001,20,0.5,CS,11,1,NA,NA,1
24676319,NA,NA,NA,0.369,0.001,24,0.5,CS,11,1,NA,NA,1
24676344,NA,NA,NA,0.369,0.001,49,0.5,CS,11,1,NA,NA,1
24676338,NA,NA,NA,0.369,0.001,43,0.5,CS,11,1,NA,NA,1
24676340,NA,NA,NA,0.369,0.001,45,0.5,CS,11,1,NA,NA,1
24676317,NA,NA,NA,0.369,0.001,22,0.5,CS,11,1,NA,NA,1
24676322,NA,NA,NA,0.369,0.001,27,0.5,CS,11,1,NA,NA,1
24676328,NA,NA,NA,0.369,0.001,33,0.5,CS,11,1,NA,NA,1
24676324,NA,NA,NA,0.369,0.001,29,0.5,CS,11,1,NA,NA,1
24676325,NA,NA,NA,0.369,0.001,30,0.5,CS,11,1,NA,NA,1
24676342,NA,NA,NA,0.369,0.001,47,0.5,CS,11,1,NA,NA,1
24676326,NA,NA,NA,0.369,0.001,31,0.5,CS,11,1,NA,NA,1
24676332,NA,NA,NA,0.369,0.001,37,0.5,CS,11,1,NA,NA,1
24676331,NA,NA,NA,0.369,0.001,36,0.5,CS,11,1,NA,NA,1
24676330,NA,NA,NA,0.369,0.001,35,0.5,CS,11,1,NA,NA,1
24676334,NA,NA,NA,0.369,0.001,39,0.5,CS,11,1,NA,NA,1
24676336,NA,NA,NA,0.369,0.001,41,0.5,CS,11,1,NA,NA,1
24676333,NA,NA,NA,0.369,0.001,38,0.5,CS,11,1,NA,NA,1
24676494,NA,NA,NA,0.091,1e-4,38,0.5,CS,11,1,NA,NA,1
24676502,NA,NA,NA,0.091,1e-4,42,0.5,CS,11,1,NA,NA,1
24676447,NA,NA,NA,0.091,1e-4,14,0.5,CS,11,1,NA,NA,1
24676443,NA,NA,NA,0.091,1e-4,12,0.5,CS,11,1,NA,NA,1
24676455,NA,NA,NA,0.091,1e-4,18,0.5,CS,11,1,NA,NA,1
24676467,NA,NA,NA,0.091,1e-4,24,0.5,CS,11,1,NA,NA,1
24676481,NA,NA,NA,0.091,1e-4,31,0.5,CS,11,1,NA,NA,1
24676485,NA,NA,NA,0.091,1e-4,33,0.5,CS,11,1,NA,NA,1
24676489,NA,NA,NA,0.091,1e-4,35,0.5,CS,11,1,NA,NA,1
24676496,NA,NA,NA,0.091,1e-4,39,0.5,CS,11,1,NA,NA,1
24676492,NA,NA,NA,0.091,1e-4,37,0.5,CS,11,1,NA,NA,1
24676500,NA,NA,NA,0.091,1e-4,41,0.5,CS,11,1,NA,NA,1
24676498,NA,NA,NA,0.091,1e-4,40,0.5,CS,11,1,NA,NA,1
24676491,NA,NA,NA,0.091,1e-4,36,0.5,CS,11,1,NA,NA,1
24676461,NA,NA,NA,0.091,1e-4,21,0.5,CS,11,1,NA,NA,1
24676473,NA,NA,NA,0.091,1e-4,27,0.5,CS,11,1,NA,NA,1
24676465,NA,NA,NA,0.091,1e-4,23,0.5,CS,11,1,NA,NA,1
24676469,NA,NA,NA,0.091,1e-4,25,0.5,CS,11,1,NA,NA,1
24676451,NA,NA,NA,0.091,1e-4,16,0.5,CS,11,1,NA,NA,1
24676475,NA,NA,NA,0.091,1e-4,28,0.5,CS,11,1,NA,NA,1
24676457,NA,NA,NA,0.091,1e-4,19,0.5,CS,11,1,NA,NA,1
24676487,NA,NA,NA,0.091,1e-4,34,0.5,CS,11,1,NA,NA,1
24676449,NA,NA,NA,0.091,1e-4,15,0.5,CS,11,1,NA,NA,1
24676479,NA,NA,NA,0.091,1e-4,30,0.5,CS,11,1,NA,NA,1
24676477,NA,NA,NA,0.091,1e-4,29,0.5,CS,11,1,NA,NA,1
24676453,NA,NA,NA,0.091,1e-4,17,0.5,CS,11,1,NA,NA,1
24676471,NA,NA,NA,0.091,1e-4,26,0.5,CS,11,1,NA,NA,1
24676463,NA,NA,NA,0.091,1e-4,22,0.5,CS,11,1,NA,NA,1
24676483,NA,NA,NA,0.091,1e-4,32,0.5,CS,11,1,NA,NA,1
24676445,NA,NA,NA,0.091,1e-4,13,0.5,CS,11,1,NA,NA,1
24676459,NA,NA,NA,0.091,1e-4,20,0.5,CS,11,1,NA,NA,1
24676367,NA,NA,NA,0.369,0.001,67,0.5,CS,11,1,NA,NA,1
24676377,NA,NA,NA,0.369,0.001,73,0.5,CS,11,1,NA,NA,1
24676374,NA,NA,NA,0.369,0.001,71,0.5,CS,11,1,NA,NA,1
24676361,NA,NA,NA,0.369,0.001,63,0.5,CS,11,1,NA,NA,1
24676354,NA,NA,NA,0.369,0.001,59,0.5,CS,11,1,NA,NA,1
24676364,NA,NA,NA,0.369,0.001,65,0.5,CS,11,1,NA,NA,1
24676380,NA,NA,NA,0.369,0.001,75,0.5,CS,11,1,NA,NA,1
24676383,NA,NA,NA,0.369,0.001,77,0.5,CS,11,1,NA,NA,1
24676381,NA,NA,NA,0.369,0.001,76,0.5,CS,11,1,NA,NA,1
24676378,NA,NA,NA,0.369,0.001,74,0.5,CS,11,1,NA,NA,1
24676388,NA,NA,NA,0.369,0.001,80,0.5,CS,11,1,NA,NA,1
24676385,NA,NA,NA,0.369,0.001,78,0.5,CS,11,1,NA,NA,1
24676348,NA,NA,NA,0.369,0.001,53,0.5,CS,11,1,NA,NA,1
24676386,NA,NA,NA,0.369,0.001,79,0.5,CS,11,1,NA,NA,1
24676357,NA,NA,NA,0.369,0.001,61,0.5,CS,11,1,NA,NA,1
24676372,NA,NA,NA,0.369,0.001,70,0.5,CS,11,1,NA,NA,1
24676375,NA,NA,NA,0.369,0.001,72,0.5,CS,11,1,NA,NA,1
24676369,NA,NA,NA,0.369,0.001,68,0.5,CS,11,1,NA,NA,1
24676346,NA,NA,NA,0.369,0.001,51,0.5,CS,11,1,NA,NA,1
24676350,NA,NA,NA,0.369,0.001,55,0.5,CS,11,1,NA,NA,1
24676352,NA,NA,NA,0.369,0.001,57,0.5,CS,11,1,NA,NA,1
24676366,NA,NA,NA,0.369,0.001,66,0.5,CS,11,1,NA,NA,1
24676370,NA,NA,NA,0.369,0.001,69,0.5,CS,11,1,NA,NA,1
24676362,NA,NA,NA,0.369,0.001,64,0.5,CS,11,1,NA,NA,1
24676353,NA,NA,NA,0.369,0.001,58,0.5,CS,11,1,NA,NA,1
24676359,NA,NA,NA,0.369,0.001,62,0.5,CS,11,1,NA,NA,1
24676356,NA,NA,NA,0.369,0.001,60,0.5,CS,11,1,NA,NA,1
24676349,NA,NA,NA,0.369,0.001,54,0.5,CS,11,1,NA,NA,1
24676351,NA,NA,NA,0.369,0.001,56,0.5,CS,11,1,NA,NA,1
24676347,NA,NA,NA,0.369,0.001,52,0.5,CS,11,1,NA,NA,1
24676345,NA,NA,NA,0.369,0.001,50,0.5,CS,11,1,NA,NA,1
24676647,NA,NA,NA,0.091,0.001,30,0.5,CS,11,1,NA,NA,1
24676642,NA,NA,NA,0.091,0.001,27,0.5,CS,11,1,NA,NA,1
24676651,NA,NA,NA,0.091,0.001,32,0.5,CS,11,1,NA,NA,1
24676635,NA,NA,NA,0.091,0.001,23,0.5,CS,11,1,NA,NA,1
24676607,NA,NA,NA,0.091,0.001,7,0.5,CS,11,1,NA,NA,1
24676604,NA,NA,NA,0.091,0.001,5,0.5,CS,11,1,NA,NA,1
24676625,NA,NA,NA,0.091,0.001,17,0.5,CS,11,1,NA,NA,1
24676621,NA,NA,NA,0.091,0.001,15,0.5,CS,11,1,NA,NA,1
24676628,NA,NA,NA,0.091,0.001,19,0.5,CS,11,1,NA,NA,1
24676645,NA,NA,NA,0.091,0.001,29,0.5,CS,11,1,NA,NA,1
24676649,NA,NA,NA,0.091,0.001,31,0.5,CS,11,1,NA,NA,1
24676653,NA,NA,NA,0.091,0.001,33,0.5,CS,11,1,NA,NA,1
24676619,NA,NA,NA,0.091,0.001,14,0.5,CS,11,1,NA,NA,1
24676623,NA,NA,NA,0.091,0.001,16,0.5,CS,11,1,NA,NA,1
24676632,NA,NA,NA,0.091,0.001,21,0.5,CS,11,1,NA,NA,1
24676626,NA,NA,NA,0.091,0.001,18,0.5,CS,11,1,NA,NA,1
24676612,NA,NA,NA,0.091,0.001,10,0.5,CS,11,1,NA,NA,1
24676616,NA,NA,NA,0.091,0.001,12,0.5,CS,11,1,NA,NA,1
24676630,NA,NA,NA,0.091,0.001,20,0.5,CS,11,1,NA,NA,1
24676618,NA,NA,NA,0.091,0.001,13,0.5,CS,11,1,NA,NA,1
24676638,NA,NA,NA,0.091,0.001,25,0.5,CS,11,1,NA,NA,1
24676644,NA,NA,NA,0.091,0.001,28,0.5,CS,11,1,NA,NA,1
24676634,NA,NA,NA,0.091,0.001,22,0.5,CS,11,1,NA,NA,1
24676640,NA,NA,NA,0.091,0.001,26,0.5,CS,11,1,NA,NA,1
24676606,NA,NA,NA,0.091,0.001,6,0.5,CS,11,1,NA,NA,1
24676614,NA,NA,NA,0.091,0.001,11,0.5,CS,11,1,NA,NA,1
24676609,NA,NA,NA,0.091,0.001,8,0.5,CS,11,1,NA,NA,1
24676611,NA,NA,NA,0.091,0.001,9,0.5,CS,11,1,NA,NA,1
24676637,NA,NA,NA,0.091,0.001,24,0.5,CS,11,1,NA,NA,1
24676595,NA,NA,NA,0.091,1e-4,99,0.5,CS,11,1,NA,NA,1
24676573,NA,NA,NA,0.091,1e-4,85,0.5,CS,11,1,NA,NA,1
24676559,NA,NA,NA,0.091,1e-4,76,0.5,CS,11,1,NA,NA,1
24676556,NA,NA,NA,0.091,1e-4,74,0.5,CS,11,1,NA,NA,1
24676584,NA,NA,NA,0.091,1e-4,92,0.5,CS,11,1,NA,NA,1
24676581,NA,NA,NA,0.091,1e-4,90,0.5,CS,11,1,NA,NA,1
24676598,NA,NA,NA,0.091,0.001,1,0.5,CS,11,1,NA,NA,1
24676601,NA,NA,NA,0.091,0.001,3,0.5,CS,11,1,NA,NA,1
24676572,NA,NA,NA,0.091,1e-4,84,0.5,CS,11,1,NA,NA,1
24676578,NA,NA,NA,0.091,1e-4,88,0.5,CS,11,1,NA,NA,1
24676596,NA,NA,NA,0.091,1e-4,100,0.5,CS,11,1,NA,NA,1
24676564,NA,NA,NA,0.091,1e-4,79,0.5,CS,11,1,NA,NA,1
24676558,NA,NA,NA,0.091,1e-4,75,0.5,CS,11,1,NA,NA,1
24676567,NA,NA,NA,0.091,1e-4,81,0.5,CS,11,1,NA,NA,1
24676593,NA,NA,NA,0.091,1e-4,98,0.5,CS,11,1,NA,NA,1
24676602,NA,NA,NA,0.091,0.001,4,0.5,CS,11,1,NA,NA,1
24676599,NA,NA,NA,0.091,0.001,2,0.5,CS,11,1,NA,NA,1
24676592,NA,NA,NA,0.091,1e-4,97,0.5,CS,11,1,NA,NA,1
24676565,NA,NA,NA,0.091,1e-4,80,0.5,CS,11,1,NA,NA,1
24676562,NA,NA,NA,0.091,1e-4,78,0.5,CS,11,1,NA,NA,1
24676569,NA,NA,NA,0.091,1e-4,82,0.5,CS,11,1,NA,NA,1
24676575,NA,NA,NA,0.091,1e-4,86,0.5,CS,11,1,NA,NA,1
24676561,NA,NA,NA,0.091,1e-4,77,0.5,CS,11,1,NA,NA,1
24676586,NA,NA,NA,0.091,1e-4,93,0.5,CS,11,1,NA,NA,1
24676583,NA,NA,NA,0.091,1e-4,91,0.5,CS,11,1,NA,NA,1
24676579,NA,NA,NA,0.091,1e-4,89,0.5,CS,11,1,NA,NA,1
24676570,NA,NA,NA,0.091,1e-4,83,0.5,CS,11,1,NA,NA,1
24676576,NA,NA,NA,0.091,1e-4,87,0.5,CS,11,1,NA,NA,1
24676590,NA,NA,NA,0.091,1e-4,96,0.5,CS,11,1,NA,NA,1
24676589,NA,NA,NA,0.091,1e-4,95,0.5,CS,11,1,NA,NA,1
24676587,NA,NA,NA,0.091,1e-4,94,0.5,CS,11,1,NA,NA,1
24676748,NA,NA,NA,0.091,0.001,90,0.5,CS,11,1,NA,NA,1
24676747,NA,NA,NA,0.091,0.001,89,0.5,CS,11,1,NA,NA,1
24676723,NA,NA,NA,0.091,0.001,75,0.5,CS,11,1,NA,NA,1
24676729,NA,NA,NA,0.091,0.001,79,0.5,CS,11,1,NA,NA,1
24676716,NA,NA,NA,0.091,0.001,71,0.5,CS,11,1,NA,NA,1
24676720,NA,NA,NA,0.091,0.001,73,0.5,CS,11,1,NA,NA,1
24676718,NA,NA,NA,0.091,0.001,72,0.5,CS,11,1,NA,NA,1
24676715,NA,NA,NA,0.091,0.001,70,0.5,CS,11,1,NA,NA,1
24676726,NA,NA,NA,0.091,0.001,77,0.5,CS,11,1,NA,NA,1
24676728,NA,NA,NA,0.091,0.001,78,0.5,CS,11,1,NA,NA,1
24676731,NA,NA,NA,0.091,0.001,80,0.5,CS,11,1,NA,NA,1
24676724,NA,NA,NA,0.091,0.001,76,0.5,CS,11,1,NA,NA,1
24676732,NA,NA,NA,0.091,0.001,81,0.5,CS,11,1,NA,NA,1
24676721,NA,NA,NA,0.091,0.001,74,0.5,CS,11,1,NA,NA,1
24676743,NA,NA,NA,0.091,0.001,87,0.5,CS,11,1,NA,NA,1
24676704,NA,NA,NA,0.091,0.001,64,0.5,CS,11,1,NA,NA,1
24676745,NA,NA,NA,0.091,0.001,88,0.5,CS,11,1,NA,NA,1
24676736,NA,NA,NA,0.091,0.001,83,0.5,CS,11,1,NA,NA,1
24676737,NA,NA,NA,0.091,0.001,84,0.5,CS,11,1,NA,NA,1
24676708,NA,NA,NA,0.091,0.001,66,0.5,CS,11,1,NA,NA,1
24676734,NA,NA,NA,0.091,0.001,82,0.5,CS,11,1,NA,NA,1
24676739,NA,NA,NA,0.091,0.001,85,0.5,CS,11,1,NA,NA,1
24676700,NA,NA,NA,0.091,0.001,62,0.5,CS,11,1,NA,NA,1
24676713,NA,NA,NA,0.091,0.001,69,0.5,CS,11,1,NA,NA,1
24676710,NA,NA,NA,0.091,0.001,67,0.5,CS,11,1,NA,NA,1
24676707,NA,NA,NA,0.091,0.001,65,0.5,CS,11,1,NA,NA,1
24676702,NA,NA,NA,0.091,0.001,63,0.5,CS,11,1,NA,NA,1
24676741,NA,NA,NA,0.091,0.001,86,0.5,CS,11,1,NA,NA,1
24676711,NA,NA,NA,0.091,0.001,68,0.5,CS,11,1,NA,NA,1
24676661,NA,NA,NA,0.091,0.001,38,0.5,CS,11,1,NA,NA,1
24676671,NA,NA,NA,0.091,0.001,44,0.5,CS,11,1,NA,NA,1
24676664,NA,NA,NA,0.091,0.001,40,0.5,CS,11,1,NA,NA,1
24676668,NA,NA,NA,0.091,0.001,42,0.5,CS,11,1,NA,NA,1
24676660,NA,NA,NA,0.091,0.001,37,0.5,CS,11,1,NA,NA,1
24676663,NA,NA,NA,0.091,0.001,39,0.5,CS,11,1,NA,NA,1
24676654,NA,NA,NA,0.091,0.001,34,0.5,CS,11,1,NA,NA,1
24676666,NA,NA,NA,0.091,0.001,41,0.5,CS,11,1,NA,NA,1
24676656,NA,NA,NA,0.091,0.001,35,0.5,CS,11,1,NA,NA,1
24676690,NA,NA,NA,0.091,0.001,56,0.5,CS,11,1,NA,NA,1
24676679,NA,NA,NA,0.091,0.001,49,0.5,CS,11,1,NA,NA,1
24676699,NA,NA,NA,0.091,0.001,61,0.5,CS,11,1,NA,NA,1
24676687,NA,NA,NA,0.091,0.001,54,0.5,CS,11,1,NA,NA,1
24676695,NA,NA,NA,0.091,0.001,59,0.5,CS,11,1,NA,NA,1
24676677,NA,NA,NA,0.091,0.001,48,0.5,CS,11,1,NA,NA,1
24676672,NA,NA,NA,0.091,0.001,45,0.5,CS,11,1,NA,NA,1
24676694,NA,NA,NA,0.091,0.001,58,0.5,CS,11,1,NA,NA,1
24676674,NA,NA,NA,0.091,0.001,46,0.5,CS,11,1,NA,NA,1
24676684,NA,NA,NA,0.091,0.001,52,0.5,CS,11,1,NA,NA,1
24676685,NA,NA,NA,0.091,0.001,53,0.5,CS,11,1,NA,NA,1
24676689,NA,NA,NA,0.091,0.001,55,0.5,CS,11,1,NA,NA,1
24676682,NA,NA,NA,0.091,0.001,51,0.5,CS,11,1,NA,NA,1
24676692,NA,NA,NA,0.091,0.001,57,0.5,CS,11,1,NA,NA,1
24676669,NA,NA,NA,0.091,0.001,43,0.5,CS,11,1,NA,NA,1
24676658,NA,NA,NA,0.091,0.001,36,0.5,CS,11,1,NA,NA,1
24676697,NA,NA,NA,0.091,0.001,60,0.5,CS,11,1,NA,NA,1
24676676,NA,NA,NA,0.091,0.001,47,0.5,CS,11,1,NA,NA,1
24676680,NA,NA,NA,0.091,0.001,50,0.5,CS,11,1,NA,NA,1
24676750,NA,NA,NA,0.091,0.001,91,0.5,CS,11,1,NA,NA,1
24675725,NA,NA,NA,0.369,1e-4,2,0.5,IW,11,1,NA,NA,4
24676752,NA,NA,NA,0.091,0.001,92,0.5,CS,11,1,NA,NA,1
24676754,NA,NA,NA,0.091,0.001,93,0.5,CS,11,1,NA,NA,1
24676756,NA,NA,NA,0.091,0.001,94,0.5,CS,11,1,NA,NA,1
24676758,NA,NA,NA,0.091,0.001,95,0.5,CS,11,1,NA,NA,1
24676759,NA,NA,NA,0.091,0.001,96,0.5,CS,11,1,NA,NA,1
24676761,NA,NA,NA,0.091,0.001,97,0.5,CS,11,1,NA,NA,1
24676763,NA,NA,NA,0.091,0.001,98,0.5,CS,11,1,NA,NA,1
24676765,NA,NA,NA,0.091,0.001,99,0.5,CS,11,1,NA,NA,1
24676766,NA,NA,NA,0.091,0.001,100,0.5,CS,11,1,NA,NA,1
24675726,NA,NA,NA,0.369,1e-4,3,0.5,IW,11,1,NA,NA,4
24675727,NA,NA,NA,0.369,1e-4,4,0.5,IW,11,1,NA,NA,4
24675728,NA,NA,NA,0.369,1e-4,5,0.5,IW,11,1,NA,NA,4
24675729,NA,NA,NA,0.369,1e-4,6,0.5,IW,11,1,NA,NA,4
24675730,NA,NA,NA,0.369,1e-4,7,0.5,IW,11,1,NA,NA,4
24675731,NA,NA,NA,0.369,1e-4,8,0.5,IW,11,1,NA,NA,4
24675732,NA,NA,NA,0.369,1e-4,9,0.5,IW,11,1,NA,NA,4
24675733,NA,NA,NA,0.369,1e-4,10,0.5,IW,11,1,NA,NA,4
24675734,NA,NA,NA,0.369,1e-4,11,0.5,IW,11,1,NA,NA,4
24675735,NA,NA,NA,0.369,1e-4,12,0.5,IW,11,1,NA,NA,4
24675736,NA,NA,NA,0.369,1e-4,13,0.5,IW,11,1,NA,NA,4
24675738,NA,NA,NA,0.369,1e-4,15,0.5,IW,11,1,NA,NA,4
24675739,NA,NA,NA,0.369,1e-4,16,0.5,IW,11,1,NA,NA,4
24675737,NA,NA,NA,0.369,1e-4,14,0.5,IW,11,1,NA,NA,4
24675740,NA,NA,NA,0.369,1e-4,17,0.5,IW,11,1,NA,NA,4
24675742,NA,NA,NA,0.369,1e-4,19,0.5,IW,11,1,NA,NA,4
24675741,NA,NA,NA,0.369,1e-4,18,0.5,IW,11,1,NA,NA,4
24675743,NA,NA,NA,0.369,1e-4,20,0.5,IW,11,1,NA,NA,4
24675744,NA,NA,NA,0.369,1e-4,21,0.5,IW,11,1,NA,NA,4
24675745,NA,NA,NA,0.369,1e-4,22,0.5,IW,11,1,NA,NA,4
24675746,NA,NA,NA,0.369,1e-4,23,0.5,IW,11,1,NA,NA,4
24675747,NA,NA,NA,0.369,1e-4,24,0.5,IW,11,1,NA,NA,4
24675748,NA,NA,NA,0.369,1e-4,25,0.5,IW,11,1,NA,NA,4
24675749,NA,NA,NA,0.369,1e-4,26,0.5,IW,11,1,NA,NA,4
24675750,NA,NA,NA,0.369,1e-4,27,0.5,IW,11,1,NA,NA,4
24675751,NA,NA,NA,0.369,1e-4,28,0.5,IW,11,1,NA,NA,4
24675752,NA,NA,NA,0.369,1e-4,29,0.5,IW,11,1,NA,NA,4
24675753,NA,NA,NA,0.369,1e-4,30,0.5,IW,11,1,NA,NA,4
24675754,NA,NA,NA,0.369,1e-4,31,0.5,IW,11,1,NA,NA,4
24675755,NA,NA,NA,0.369,1e-4,32,0.5,IW,11,1,NA,NA,4
24675756,NA,NA,NA,0.369,1e-4,33,0.5,IW,11,1,NA,NA,4
24675757,NA,NA,NA,0.369,1e-4,34,0.5,IW,11,1,NA,NA,4
24675758,NA,NA,NA,0.369,1e-4,35,0.5,IW,11,1,NA,NA,4
24675759,NA,NA,NA,0.369,1e-4,36,0.5,IW,11,1,NA,NA,4
24675760,NA,NA,NA,0.369,1e-4,37,0.5,IW,11,1,NA,NA,4
24675761,NA,NA,NA,0.369,1e-4,38,0.5,IW,11,1,NA,NA,4
24675762,NA,NA,NA,0.369,1e-4,39,0.5,IW,11,1,NA,NA,4
24675763,NA,NA,NA,0.369,1e-4,40,0.5,IW,11,1,NA,NA,4
24675764,NA,NA,NA,0.369,1e-4,41,0.5,IW,11,1,NA,NA,4
24675765,NA,NA,NA,0.369,1e-4,42,0.5,IW,11,1,NA,NA,4
24675766,NA,NA,NA,0.369,1e-4,43,0.5,IW,11,1,NA,NA,4
24675767,NA,NA,NA,0.369,1e-4,44,0.5,IW,11,1,NA,NA,4
24675768,NA,NA,NA,0.369,1e-4,45,0.5,IW,11,1,NA,NA,4
24675769,NA,NA,NA,0.369,1e-4,46,0.5,IW,11,1,NA,NA,4
24675770,NA,NA,NA,0.369,1e-4,47,0.5,IW,11,1,NA,NA,4
24675771,NA,NA,NA,0.369,1e-4,48,0.5,IW,11,1,NA,NA,4
24675772,NA,NA,NA,0.369,1e-4,49,0.5,IW,11,1,NA,NA,4
24675773,NA,NA,NA,0.369,1e-4,50,0.5,IW,11,1,NA,NA,4
24675774,NA,NA,NA,0.369,1e-4,51,0.5,IW,11,1,NA,NA,4
24675775,NA,NA,NA,0.369,1e-4,52,0.5,IW,11,1,NA,NA,4
24675776,NA,NA,NA,0.369,1e-4,53,0.5,IW,11,1,NA,NA,4
24675777,NA,NA,NA,0.369,1e-4,54,0.5,IW,11,1,NA,NA,4
24675778,NA,NA,NA,0.369,1e-4,55,0.5,IW,11,1,NA,NA,4
24675779,NA,NA,NA,0.369,1e-4,56,0.5,IW,11,1,NA,NA,4
24675780,NA,NA,NA,0.369,1e-4,57,0.5,IW,11,1,NA,NA,4
24675781,NA,NA,NA,0.369,1e-4,58,0.5,IW,11,1,NA,NA,4
24675782,NA,NA,NA,0.369,1e-4,59,0.5,IW,11,1,NA,NA,4
24675783,NA,NA,NA,0.369,1e-4,60,0.5,IW,11,1,NA,NA,4
24675784,NA,NA,NA,0.369,1e-4,61,0.5,IW,11,1,NA,NA,4
24675785,NA,NA,NA,0.369,1e-4,62,0.5,IW,11,1,NA,NA,4
24675786,NA,NA,NA,0.369,1e-4,63,0.5,IW,11,1,NA,NA,4
24675787,NA,NA,NA,0.369,1e-4,64,0.5,IW,11,1,NA,NA,4
24675788,NA,NA,NA,0.369,1e-4,65,0.5,IW,11,1,NA,NA,4
24675789,NA,NA,NA,0.369,1e-4,66,0.5,IW,11,1,NA,NA,4
24675790,NA,NA,NA,0.369,1e-4,67,0.5,IW,11,1,NA,NA,4
24675791,NA,NA,NA,0.369,1e-4,68,0.5,IW,11,1,NA,NA,4
24675792,NA,NA,NA,0.369,1e-4,69,0.5,IW,11,1,NA,NA,4
24675793,NA,NA,NA,0.369,1e-4,70,0.5,IW,11,1,NA,NA,4
24675794,NA,NA,NA,0.369,1e-4,71,0.5,IW,11,1,NA,NA,4
24675795,NA,NA,NA,0.369,1e-4,72,0.5,IW,11,1,NA,NA,4
24675798,NA,NA,NA,0.369,1e-4,75,0.5,IW,11,1,NA,NA,4
24675797,NA,NA,NA,0.369,1e-4,74,0.5,IW,11,1,NA,NA,4
24675796,NA,NA,NA,0.369,1e-4,73,0.5,IW,11,1,NA,NA,4
24675799,NA,NA,NA,0.369,1e-4,76,0.5,IW,11,1,NA,NA,4
24675800,NA,NA,NA,0.369,1e-4,77,0.5,IW,11,1,NA,NA,4
24675801,NA,NA,NA,0.369,1e-4,78,0.5,IW,11,1,NA,NA,4
24675802,NA,NA,NA,0.369,1e-4,79,0.5,IW,11,1,NA,NA,4
24675803,NA,NA,NA,0.369,1e-4,80,0.5,IW,11,1,NA,NA,4
24675804,NA,NA,NA,0.369,1e-4,81,0.5,IW,11,1,NA,NA,4
24675805,NA,NA,NA,0.369,1e-4,82,0.5,IW,11,1,NA,NA,4
24675806,NA,NA,NA,0.369,1e-4,83,0.5,IW,11,1,NA,NA,4
24675807,NA,NA,NA,0.369,1e-4,84,0.5,IW,11,1,NA,NA,4
24675808,NA,NA,NA,0.369,1e-4,85,0.5,IW,11,1,NA,NA,4
24675810,NA,NA,NA,0.369,1e-4,87,0.5,IW,11,1,NA,NA,4
24675809,NA,NA,NA,0.369,1e-4,86,0.5,IW,11,1,NA,NA,4
24675811,NA,NA,NA,0.369,1e-4,88,0.5,IW,11,1,NA,NA,4
24675812,NA,NA,NA,0.369,1e-4,89,0.5,IW,11,1,NA,NA,4
24675813,NA,NA,NA,0.369,1e-4,90,0.5,IW,11,1,NA,NA,4
24675814,NA,NA,NA,0.369,1e-4,91,0.5,IW,11,1,NA,NA,4
24675815,NA,NA,NA,0.369,1e-4,92,0.5,IW,11,1,NA,NA,4
24675816,NA,NA,NA,0.369,1e-4,93,0.5,IW,11,1,NA,NA,4
24675817,NA,NA,NA,0.369,1e-4,94,0.5,IW,11,1,NA,NA,4
24675818,NA,NA,NA,0.369,1e-4,95,0.5,IW,11,1,NA,NA,4
24675819,NA,NA,NA,0.369,1e-4,96,0.5,IW,11,1,NA,NA,4
24675821,NA,NA,NA,0.369,1e-4,98,0.5,IW,11,1,NA,NA,4
24675820,NA,NA,NA,0.369,1e-4,97,0.5,IW,11,1,NA,NA,4
24675822,NA,NA,NA,0.369,1e-4,99,0.5,IW,11,1,NA,NA,4
24675823,NA,NA,NA,0.369,1e-4,100,0.5,IW,11,1,NA,NA,4
24675824,NA,NA,NA,0.369,0.001,1,0.5,IW,11,1,NA,NA,4
24675825,NA,NA,NA,0.369,0.001,2,0.5,IW,11,1,NA,NA,4
24675826,NA,NA,NA,0.369,0.001,3,0.5,IW,11,1,NA,NA,4
24675827,NA,NA,NA,0.369,0.001,4,0.5,IW,11,1,NA,NA,4
24675828,NA,NA,NA,0.369,0.001,5,0.5,IW,11,1,NA,NA,4
24675829,NA,NA,NA,0.369,0.001,6,0.5,IW,11,1,NA,NA,4
24675830,NA,NA,NA,0.369,0.001,7,0.5,IW,11,1,NA,NA,4
24675831,NA,NA,NA,0.369,0.001,8,0.5,IW,11,1,NA,NA,4
24675832,NA,NA,NA,0.369,0.001,9,0.5,IW,11,1,NA,NA,4
24675833,NA,NA,NA,0.369,0.001,10,0.5,IW,11,1,NA,NA,4
24675834,NA,NA,NA,0.369,0.001,11,0.5,IW,11,1,NA,NA,4
24675835,NA,NA,NA,0.369,0.001,12,0.5,IW,11,1,NA,NA,4
24675836,NA,NA,NA,0.369,0.001,13,0.5,IW,11,1,NA,NA,4
24675837,NA,NA,NA,0.369,0.001,14,0.5,IW,11,1,NA,NA,4
24675838,NA,NA,NA,0.369,0.001,15,0.5,IW,11,1,NA,NA,4
24675839,NA,NA,NA,0.369,0.001,16,0.5,IW,11,1,NA,NA,4
24675840,NA,NA,NA,0.369,0.001,17,0.5,IW,11,1,NA,NA,4
24675841,NA,NA,NA,0.369,0.001,18,0.5,IW,11,1,NA,NA,4
24675842,NA,NA,NA,0.369,0.001,19,0.5,IW,11,1,NA,NA,4
24675843,NA,NA,NA,0.369,0.001,20,0.5,IW,11,1,NA,NA,4
24675844,NA,NA,NA,0.369,0.001,21,0.5,IW,11,1,NA,NA,4
24675853,NA,NA,NA,0.369,0.001,30,0.5,IW,11,1,NA,NA,4
24675849,NA,NA,NA,0.369,0.001,26,0.5,IW,11,1,NA,NA,4
24675848,NA,NA,NA,0.369,0.001,25,0.5,IW,11,1,NA,NA,4
24675855,NA,NA,NA,0.369,0.001,32,0.5,IW,11,1,NA,NA,4
24675851,NA,NA,NA,0.369,0.001,28,0.5,IW,11,1,NA,NA,4
24675858,NA,NA,NA,0.369,0.001,35,0.5,IW,11,1,NA,NA,4
24675847,NA,NA,NA,0.369,0.001,24,0.5,IW,11,1,NA,NA,4
24675846,NA,NA,NA,0.369,0.001,23,0.5,IW,11,1,NA,NA,4
24675845,NA,NA,NA,0.369,0.001,22,0.5,IW,11,1,NA,NA,4
24675854,NA,NA,NA,0.369,0.001,31,0.5,IW,11,1,NA,NA,4
24675852,NA,NA,NA,0.369,0.001,29,0.5,IW,11,1,NA,NA,4
24675850,NA,NA,NA,0.369,0.001,27,0.5,IW,11,1,NA,NA,4
24675857,NA,NA,NA,0.369,0.001,34,0.5,IW,11,1,NA,NA,4
24675856,NA,NA,NA,0.369,0.001,33,0.5,IW,11,1,NA,NA,4
24675859,NA,NA,NA,0.369,0.001,36,0.5,IW,11,1,NA,NA,4
24675860,NA,NA,NA,0.369,0.001,37,0.5,IW,11,1,NA,NA,4
24675861,NA,NA,NA,0.369,0.001,38,0.5,IW,11,1,NA,NA,4
24675862,NA,NA,NA,0.369,0.001,39,0.5,IW,11,1,NA,NA,4
24675863,NA,NA,NA,0.369,0.001,40,0.5,IW,11,1,NA,NA,4
24675864,NA,NA,NA,0.369,0.001,41,0.5,IW,11,1,NA,NA,4
24675865,NA,NA,NA,0.369,0.001,42,0.5,IW,11,1,NA,NA,4
24675866,NA,NA,NA,0.369,0.001,43,0.5,IW,11,1,NA,NA,4
24675867,NA,NA,NA,0.369,0.001,44,0.5,IW,11,1,NA,NA,4
24675868,NA,NA,NA,0.369,0.001,45,0.5,IW,11,1,NA,NA,4
24675869,NA,NA,NA,0.369,0.001,46,0.5,IW,11,1,NA,NA,4
24675870,NA,NA,NA,0.369,0.001,47,0.5,IW,11,1,NA,NA,4
24675871,NA,NA,NA,0.369,0.001,48,0.5,IW,11,1,NA,NA,4
24675872,NA,NA,NA,0.369,0.001,49,0.5,IW,11,1,NA,NA,4
24675873,NA,NA,NA,0.369,0.001,50,0.5,IW,11,1,NA,NA,4
24675875,NA,NA,NA,0.369,0.001,52,0.5,IW,11,1,NA,NA,4
24675874,NA,NA,NA,0.369,0.001,51,0.5,IW,11,1,NA,NA,4
24675876,NA,NA,NA,0.369,0.001,53,0.5,IW,11,1,NA,NA,4
24675877,NA,NA,NA,0.369,0.001,54,0.5,IW,11,1,NA,NA,4
24675878,NA,NA,NA,0.369,0.001,55,0.5,IW,11,1,NA,NA,4
24675879,NA,NA,NA,0.369,0.001,56,0.5,IW,11,1,NA,NA,4
24675881,NA,NA,NA,0.369,0.001,58,0.5,IW,11,1,NA,NA,4
24675880,NA,NA,NA,0.369,0.001,57,0.5,IW,11,1,NA,NA,4
24675882,NA,NA,NA,0.369,0.001,59,0.5,IW,11,1,NA,NA,4
24675883,NA,NA,NA,0.369,0.001,60,0.5,IW,11,1,NA,NA,4
24675884,NA,NA,NA,0.369,0.001,61,0.5,IW,11,1,NA,NA,4
24675886,NA,NA,NA,0.369,0.001,63,0.5,IW,11,1,NA,NA,4
24675885,NA,NA,NA,0.369,0.001,62,0.5,IW,11,1,NA,NA,4
24675887,NA,NA,NA,0.369,0.001,64,0.5,IW,11,1,NA,NA,4
24675888,NA,NA,NA,0.369,0.001,65,0.5,IW,11,1,NA,NA,4
24675889,NA,NA,NA,0.369,0.001,66,0.5,IW,11,1,NA,NA,4
24675890,NA,NA,NA,0.369,0.001,67,0.5,IW,11,1,NA,NA,4
24675891,NA,NA,NA,0.369,0.001,68,0.5,IW,11,1,NA,NA,4
24675892,NA,NA,NA,0.369,0.001,69,0.5,IW,11,1,NA,NA,4
24675893,NA,NA,NA,0.369,0.001,70,0.5,IW,11,1,NA,NA,4
24675894,NA,NA,NA,0.369,0.001,71,0.5,IW,11,1,NA,NA,4
24675895,NA,NA,NA,0.369,0.001,72,0.5,IW,11,1,NA,NA,4
24675896,NA,NA,NA,0.369,0.001,73,0.5,IW,11,1,NA,NA,4
24675897,NA,NA,NA,0.369,0.001,74,0.5,IW,11,1,NA,NA,4
24675898,NA,NA,NA,0.369,0.001,75,0.5,IW,11,1,NA,NA,4
24675899,NA,NA,NA,0.369,0.001,76,0.5,IW,11,1,NA,NA,4
24675900,NA,NA,NA,0.369,0.001,77,0.5,IW,11,1,NA,NA,4
24675901,NA,NA,NA,0.369,0.001,78,0.5,IW,11,1,NA,NA,4
24675902,NA,NA,NA,0.369,0.001,79,0.5,IW,11,1,NA,NA,4
24675903,NA,NA,NA,0.369,0.001,80,0.5,IW,11,1,NA,NA,4
24675904,NA,NA,NA,0.369,0.001,81,0.5,IW,11,1,NA,NA,4
24675905,NA,NA,NA,0.369,0.001,82,0.5,IW,11,1,NA,NA,4
24675906,NA,NA,NA,0.369,0.001,83,0.5,IW,11,1,NA,NA,4
24675907,NA,NA,NA,0.369,0.001,84,0.5,IW,11,1,NA,NA,4
24675908,NA,NA,NA,0.369,0.001,85,0.5,IW,11,1,NA,NA,4
24675909,NA,NA,NA,0.369,0.001,86,0.5,IW,11,1,NA,NA,4
